stock_code,name,industry,board
000002,万科A,综合,主板
000004,*ST国华,综合,主板
000006,深振业A,综合,主板
000007,全新好,综合,主板
000008,神州高铁,综合,主板
000009,中国宝安,综合,主板
000010,美丽生态,综合,主板
000011,深物业A,综合,主板
000012,南玻A,综合,主板
000014,沙河股份,综合,主板
000016,深康佳A,综合,主板
000017,深中华A,综合,主板
000026,飞亚达,综合,主板
000028,国药一致,综合,主板
000029,深深房A,综合,主板
000031,大悦城,综合,主板
000032,深桑达A,综合,主板
000037,深南电A,综合,主板
000039,中集集团,综合,主板
000042,中洲控股,综合,主板
000045,深纺织A,综合,主板
000048,京基智农,综合,主板
000050,深天马A,综合,主板
000055,方大集团,综合,主板
000056,皇庭国际,综合,主板
000058,深赛格,综合,主板
000059,华锦股份,综合,主板
000060,中金岭南,综合,主板
000062,深圳华强,综合,主板
000066,中国长城,综合,主板
000068,华控赛格,综合,主板
000069,华侨城A,综合,主板
000070,特发信息,综合,主板
000078,海王生物,综合,主板
000089,深圳机场,综合,主板
000090,天健集团,综合,主板
000096,广聚能源,综合,主板
000100,TCL科技,综合,主板
000151,中成股份,综合,主板
000155,川能动力,综合,主板
000156,华数传媒,综合,主板
000158,常山北明,综合,主板
000159,国际实业,综合,主板
000166,申万宏源,综合,主板
000301,东方盛虹,综合,主板
000401,金隅冀东,综合,主板
000402,金融街,综合,主板
000408,藏格矿业,综合,主板
000409,云鼎科技,综合,主板
000410,沈阳机床,综合,主板
000415,渤海租赁,综合,主板
000421,南京公用,综合,主板
000428,华天酒店,综合,主板
000430,ST张家界,综合,主板
000488,ST晨鸣,综合,主板
000503,国新健康,综合,主板
000504,*ST生物,综合,主板
000505,京粮控股,综合,主板
000506,招金黄金,综合,主板
000509,华塑控股,综合,主板
000510,新金路,综合,主板
000514,渝开发,综合,主板
000516,国际医学,综合,主板
000517,荣安地产,综合,主板
000518,*ST四环,综合,主板
000519,中兵红箭,综合,主板
000520,凤凰航运,综合,主板
000523,红棉股份,综合,主板
000524,岭南控股,综合,主板
000525,红太阳,综合,主板
000526,学大教育,综合,主板
000528,柳工,综合,主板
000531,穗恒运A,综合,主板
000532,华金资本,综合,主板
000536,华映科技,综合,主板
000537,绿发电力,综合,主板
000539,粤电力A,综合,主板
000541,佛山照明,综合,主板
000543,皖能电力,综合,主板
000545,金浦钛业,综合,主板
000546,金圆股份,综合,主板
000547,航天发展,综合,主板
000552,甘肃能化,综合,主板
000553,安道麦A,综合,主板
000554,泰山石油,综合,主板
000555,神州信息,综合,主板
000557,西部创业,综合,主板
000558,天府文旅,综合,主板
000560,我爱我家,综合,主板
000561,烽火电子,综合,主板
000564,供销大集,综合,主板
000565,渝三峡A,综合,主板
000566,海南海药,综合,主板
000567,海德股份,综合,主板
000570,苏常柴A,综合,主板
000571,新大洲A,综合,主板
000572,海马汽车,综合,主板
000573,粤宏远A,综合,主板
000576,甘化科工,综合,主板
000586,汇源通信,综合,主板
000590,古汉医药,综合,主板
000592,平潭发展,综合,主板
000593,德龙汇能,综合,主板
000595,*ST宝实,综合,主板
000599,青岛双星,综合,主板
000600,建投能源,综合,主板
000603,盛达资源,综合,主板
000607,华媒控股,综合,主板
000608,*ST阳光,综合,主板
000609,ST中迪,综合,主板
000610,西安旅游,综合,主板
000612,焦作万方,综合,主板
000615,*ST美谷,综合,主板
000619,海螺新材,综合,主板
000620,盈新发展,综合,主板
000623,吉林敖东,综合,主板
000625,长安汽车,综合,主板
000626,远大控股,综合,主板
000628,高新发展,综合,主板
000629,钒钛股份,综合,主板
000632,三木集团,综合,主板
000635,英力特,综合,主板
000636,风华高科,综合,主板
000637,茂化实华,综合,主板
000638,*ST万方,综合,主板
000639,西王食品,综合,主板
000652,泰达股份,综合,主板
000655,金岭矿业,综合,主板
000656,*ST金科,综合,主板
000659,珠海中富,综合,主板
000661,长春高新,综合,主板
000663,永安林业,综合,主板
000665,湖北广电,综合,主板
000668,*ST荣控,综合,主板
000669,ST金鸿,综合,主板
000670,盈方微,综合,主板
000677,恒天海龙,综合,主板
000678,襄阳轴承,综合,主板
000679,大连友谊,综合,主板
000685,中山公用,综合,主板
000686,东北证券,综合,主板
000688,国城矿业,综合,主板
000690,宝新能源,综合,主板
000691,*ST亚太,综合,主板
000692,惠天热电,综合,主板
000695,滨海能源,综合,主板
000697,ST炼石,综合,主板
000698,ST沈化,综合,主板
000701,厦门信达,综合,主板
000702,正虹科技,综合,主板
000707,双环科技,综合,主板
000710,贝瑞基因,综合,主板
000711,ST京蓝,综合,主板
000712,锦龙股份,综合,主板
000713,国投丰乐,综合,主板
000716,黑芝麻,综合,主板
000717,中南股份,综合,主板
000718,苏宁环球,综合,主板
000719,中原传媒,综合,主板
000720,新能泰山,综合,主板
000721,西安饮食,综合,主板
000723,美锦能源,综合,主板
000725,京东方A,综合,主板
000726,鲁泰A,综合,主板
000727,冠捷科技,综合,主板
000729,燕京啤酒,综合,主板
000731,四川美丰,综合,主板
000733,振华科技,综合,主板
000735,罗牛山,综合,主板
000736,*ST中地,综合,主板
000738,航发控制,综合,主板
000750,国海证券,综合,主板
000751,锌业股份,综合,主板
000752,ST西发,综合,主板
000757,浩物股份,综合,主板
000759,中百集团,综合,主板
000761,本钢板材,综合,主板
000762,西藏矿业,综合,主板
000767,晋控电力,综合,主板
000768,中航西飞,综合,主板
000778,新兴铸管,综合,主板
000782,恒申新材,综合,主板
000783,长江证券,综合,主板
000785,居然智家,综合,主板
000788,北大医药,综合,主板
000789,万年青,综合,主板
000790,华神科技,综合,主板
000791,甘肃能源,综合,主板
000792,盐湖股份,综合,主板
000793,*ST华闻,综合,主板
000795,英洛华,综合,主板
000796,凯撒旅业,综合,主板
000797,中国武夷,综合,主板
000798,中水渔业,综合,主板
000799,酒鬼酒,综合,主板
000800,一汽解放,综合,主板
000802,北京文化,综合,主板
000803,山高环能,综合,主板
000807,云铝股份,综合,主板
000809,和展能源,综合,主板
000810,创维数字,综合,主板
000812,陕西金叶,综合,主板
000813,德展健康,综合,主板
000815,美利云,综合,主板
000816,智慧农业,综合,主板
000818,航锦科技,综合,主板
000819,岳阳兴长,综合,主板
000820,*ST节能,综合,主板
000821,ST京机,综合,主板
000822,山东海化,综合,主板
000823,超声电子,综合,主板
000825,太钢不锈,综合,主板
000826,启迪环境,综合,主板
000829,天音控股,综合,主板
000830,鲁西化工,综合,主板
000831,中国稀土,综合,主板
000833,粤桂股份,综合,主板
000838,财信发展,综合,主板
000839,国安股份,综合,主板
000850,华茂股份,综合,主板
000852,石化机械,综合,主板
000859,国风新材,综合,主板
000860,顺鑫农业,综合,主板
000862,银星能源,综合,主板
000863,三湘印象,综合,主板
000868,安凯客车,综合,主板
000869,张裕A,综合,主板
000875,电投绿能,综合,主板
000876,新希望,综合,主板
000877,天山股份,综合,主板
000880,潍柴重机,综合,主板
000881,中广核技,综合,主板
000882,华联股份,综合,主板
000885,城发环境,综合,主板
000886,海南高速,综合,主板
000889,中嘉博创,综合,主板
000890,法尔胜,综合,主板
000892,欢瑞世纪,综合,主板
000893,亚钾国际,综合,主板
000897,津滨发展,综合,主板
000898,鞍钢股份,综合,主板
000899,赣能股份,综合,主板
000901,航天科技,综合,主板
000903,ST云动,综合,主板
000906,浙商中拓,综合,主板
000908,*ST景峰,综合,主板
000909,ST数源,综合,主板
000910,大亚圣象,综合,主板
000911,广农糖业,综合,主板
000912,泸天化,综合,主板
000913,钱江摩托,综合,主板
000919,金陵药业,综合,主板
000925,众合科技,综合,主板
000926,福星股份,综合,主板
000929,*ST兰黄,综合,主板
000930,中粮科技,综合,主板
000932,华菱钢铁,综合,主板
000935,四川双马,综合,主板
000936,华西股份,综合,主板
000937,冀中能源,综合,主板
000948,南天信息,综合,主板
000949,新乡化纤,综合,主板
000950,重药控股,综合,主板
000952,广济药业,综合,主板
000953,河化股份,综合,主板
000955,欣龙控股,综合,主板
000957,中通客车,综合,主板
000958,电投产融,综合,主板
000959,首钢股份,综合,主板
000960,锡业股份,综合,主板
000962,东方钽业,综合,主板
000965,天保基建,综合,主板
000966,长源电力,综合,主板
000970,中科三环,综合,主板
000972,*ST中基,综合,主板
000975,山金国际,综合,主板
000978,桂林旅游,综合,主板
000980,众泰汽车,综合,主板
000981,山子高科,综合,主板
000983,山西焦煤,综合,主板
000985,大庆华科,综合,主板
000987,越秀资本,综合,主板
000988,华工科技,综合,主板
000990,诚志股份,综合,主板
000993,闽东电力,综合,主板
000995,皇台酒业,综合,主板
000998,隆平高科,综合,主板
001201,东瑞股份,综合,主板
001207,联科科技,综合,主板
001208,华菱线缆,综合,主板
001209,洪兴股份,综合,主板
001210,金房能源,综合,主板
001211,双枪科技,综合,主板
001212,中旗新材,综合,主板
001217,华尔泰,综合,主板
001218,丽臣实业,综合,主板
001220,世盟股份,综合,主板
001221,悍高集团,综合,主板
001223,欧克科技,综合,主板
001225,和泰机电,综合,主板
001226,拓山重工,综合,主板
001233,海安集团,综合,主板
001236,弘业期货,综合,主板
001238,浙江正特,综合,主板
001239,永达股份,综合,主板
001255,博菲电气,综合,主板
001258,立新能源,综合,主板
001259,利仁科技,综合,主板
001266,宏英智能,综合,主板
001267,汇绿生态,综合,主板
001268,联合精密,综合,主板
001269,欧晶科技,综合,主板
001270,*ST铖昌,综合,主板
001278,一彬科技,综合,主板
001280,中国铀业,综合,主板
001283,豪鹏科技,综合,主板
001285,瑞立科密,综合,主板
001287,中电港,综合,主板
001288,运机集团,综合,主板
001298,好上好,综合,主板
001300,三柏硕,综合,主板
001301,尚太科技,综合,主板
001306,夏厦精密,综合,主板
001309,德明利,综合,主板
001313,粤海饲料,综合,主板
001314,亿道信息,综合,主板
001316,润贝航科,综合,主板
001317,三羊马,综合,主板
001325,元创股份,综合,主板
001326,联域股份,综合,主板
001330,博纳影业,综合,主板
001331,胜通能源,综合,主板
001335,信凯科技,综合,主板
001337,四川黄金,综合,主板
001339,智微智能,综合,主板
001356,富岭股份,综合,主板
001366,播恩集团,综合,主板
001369,双欣材料,综合,主板
001373,翔腾新材,综合,主板
001376,百通能源,综合,主板
001380,华纬科技,综合,主板
001382,新亚电缆,综合,主板
001386,马可波罗,综合,主板
001388,信通电子,综合,主板
001389,广合科技,综合,主板
001390,古麒绒材,综合,主板
001391,国货航,综合,主板
001396,誉帆科技,综合,主板
001400,江顺科技,综合,主板
001696,宗申动力,综合,主板
001896,豫能控股,综合,主板
001979,招商蛇口,综合,主板
002001,新和成,综合,主板
002004,华邦健康,综合,主板
002005,ST德豪,综合,主板
002006,精工科技,综合,主板
002008,大族激光,综合,主板
002009,天奇股份,综合,主板
002010,传化智联,综合,主板
002015,协鑫能科,综合,主板
002016,世荣兆业,综合,主板
002019,亿帆医药,综合,主板
002021,中捷资源,综合,主板
002022,科华生物,综合,主板
002023,海特高新,综合,主板
002024,ST易购,综合,主板
002025,航天电器,综合,主板
002030,达安基因,综合,主板
002031,巨轮智能,综合,主板
002032,苏泊尔,综合,主板
002036,联创电子,综合,主板
002037,保利联合,综合,主板
002038,双鹭药业,综合,主板
002039,黔源电力,综合,主板
002041,登海种业,综合,主板
002042,华孚时尚,综合,主板
002044,美年健康,综合,主板
002045,国光电器,综合,主板
002047,*ST宝鹰,综合,主板
002048,宁波华翔,综合,主板
002050,三花智控,综合,主板
002052,同洲电子,综合,主板
002053,云南能投,综合,主板
002054,德美化工,综合,主板
002055,ST得润,综合,主板
002056,横店东磁,综合,主板
002058,*ST威尔,综合,主板
002059,云南旅游,综合,主板
002066,瑞泰科技,综合,主板
002068,黑猫股份,综合,主板
002069,獐子岛,综合,主板
002072,凯瑞德,综合,主板
002074,国轩高科,综合,主板
002075,沙钢股份,综合,主板
002076,*ST星光,综合,主板
002077,大港股份,综合,主板
002079,苏州固锝,综合,主板
002080,中材科技,综合,主板
002082,万邦德,综合,主板
002084,海鸥住工,综合,主板
002085,万丰奥威,综合,主板
002086,东方海洋,综合,主板
002088,鲁阳节能,综合,主板
002092,中泰化学,综合,主板
002093,国脉科技,综合,主板
002094,青岛金王,综合,主板
002095,生意宝,综合,主板
002099,海翔药业,综合,主板
002100,天康生物,综合,主板
002101,广东鸿图,综合,主板
002102,能特科技,综合,主板
002105,信隆健康,综合,主板
002107,沃华医药,综合,主板
002109,兴化股份,综合,主板
002110,三钢闽光,综合,主板
002111,威海广泰,综合,主板
002112,三变科技,综合,主板
002114,罗平锌电,综合,主板
002115,三维通信,综合,主板
002121,科陆电子,综合,主板
002122,ST汇洲,综合,主板
002123,梦网科技,综合,主板
002124,天邦食品,综合,主板
002127,南极电商,综合,主板
002129,TCL中环,综合,主板
002130,沃尔核材,综合,主板
002131,利欧股份,综合,主板
002133,广宇集团,综合,主板
002134,天津普林,综合,主板
002135,东南网架,综合,主板
002136,安纳达,综合,主板
002137,实益达,综合,主板
002139,拓邦股份,综合,主板
002141,贤丰控股,综合,主板
002144,宏达高科,综合,主板
002146,荣盛发展,综合,主板
002148,北纬科技,综合,主板
002150,正泰电源,综合,主板
002151,北斗星通,综合,主板
002153,石基信息,综合,主板
002155,湖南黄金,综合,主板
002156,通富微电,综合,主板
002157,正邦科技,综合,主板
002159,三特索道,综合,主板
002161,远望谷,综合,主板
002162,悦心健康,综合,主板
002163,海南发展,综合,主板
002164,宁波东力,综合,主板
002165,红宝丽,综合,主板
002166,莱茵生物,综合,主板
002167,东方锆业,综合,主板
002168,*ST惠程,综合,主板
002169,智光电气,综合,主板
002170,芭田股份,综合,主板
002171,楚江新材,综合,主板
002173,创新医疗,综合,主板
002174,游族网络,综合,主板
002175,东方智造,综合,主板
002176,江特电机,综合,主板
002178,延华智能,综合,主板
002180,纳思达,综合,主板
002181,粤传媒,综合,主板
002182,宝武镁业,综合,主板
002183,怡亚通,综合,主板
002184,海得控制,综合,主板
002185,华天科技,综合,主板
002186,全聚德,综合,主板
002187,广百股份,综合,主板
002188,中天服务,综合,主板
002189,中光学,综合,主板
002190,成飞集成,综合,主板
002191,劲嘉股份,综合,主板
002192,融捷股份,综合,主板
002193,如意集团,综合,主板
002194,武汉凡谷,综合,主板
002196,方正电机,综合,主板
002197,证通电子,综合,主板
002199,*ST东晶,综合,主板
002200,*ST交投,综合,主板
002201,九鼎新材,综合,主板
002204,大连重工,综合,主板
002205,国统股份,综合,主板
002206,海利得,综合,主板
002207,准油股份,综合,主板
002208,合肥城建,综合,主板
002209,达意隆,综合,主板
002211,ST宏达,综合,主板
002212,天融信,综合,主板
002213,大为股份,综合,主板
002214,*ST大立,综合,主板
002217,合力泰,综合,主板
002218,拓日新能,综合,主板
002221,东华能源,综合,主板
002224,三力士,综合,主板
002225,濮耐股份,综合,主板
002226,江南化工,综合,主板
002227,奥特迅,综合,主板
002229,鸿博股份,综合,主板
002230,科大讯飞,综合,主板
002231,*ST奥维,综合,主板
002233,塔牌集团,综合,主板
002234,民和股份,综合,主板
002235,安妮股份,综合,主板
002236,大华股份,综合,主板
002238,天威视讯,综合,主板
002239,奥特佳,综合,主板
002240,盛新锂能,综合,主板
002241,歌尔股份,综合,主板
002242,九阳股份,综合,主板
002244,滨江集团,综合,主板
002245,蔚蓝锂芯,综合,主板
002246,北化股份,综合,主板
002247,聚力文化,综合,主板
002248,华东数控,综合,主板
002250,联化科技,综合,主板
002251,步步高,综合,主板
002253,*ST智胜,综合,主板
002254,泰和新材,综合,主板
002255,海陆重工,综合,主板
002256,兆新股份,综合,主板
002258,利尔化学,综合,主板
002259,升达林业,综合,主板
002261,拓维信息,综合,主板
002263,大东南,综合,主板
002268,电科网安,综合,主板
002269,美邦服饰,综合,主板
002272,川润股份,综合,主板
002274,华昌化工,综合,主板
002277,友阿股份,综合,主板
002278,神开股份,综合,主板
002279,久其软件,综合,主板
002281,光迅科技,综合,主板
002284,亚太股份,综合,主板
002285,世联行,综合,主板
002289,*ST宇顺,综合,主板
002290,禾盛新材,综合,主板
002291,遥望科技,综合,主板
002292,奥飞娱乐,综合,主板
002295,精艺股份,综合,主板
002297,博云新材,综合,主板
002298,中电鑫龙,综合,主板
002299,圣农发展,综合,主板
002302,西部建设,综合,主板
002304,洋河股份,综合,主板
002305,*ST南置,综合,主板
002306,*ST云网,综合,主板
002307,北新路桥,综合,主板
002309,中利集团,综合,主板
002310,东方新能,综合,主板
002311,海大集团,综合,主板
002313,日海智能,综合,主板
002314,南山控股,综合,主板
002316,亚联发展,综合,主板
002317,众生药业,综合,主板
002319,乐通股份,综合,主板
002321,华英农业,综合,主板
002323,雅博股份,综合,主板
002324,普利特,综合,主板
002326,永太科技,综合,主板
002327,富安娜,综合,主板
002329,皇氏集团,综合,主板
002330,得利斯,综合,主板
002331,皖通科技,综合,主板
002337,赛象科技,综合,主板
002339,积成电子,综合,主板
002340,格林美,综合,主板
002342,巨力索具,综合,主板
002343,慈文传媒,综合,主板
002344,海宁皮城,综合,主板
002345,潮宏基,综合,主板
002346,柘中股份,综合,主板
002347,泰尔股份,综合,主板
002348,高乐股份,综合,主板
002350,北京科锐,综合,主板
002354,天娱数科,综合,主板
002355,兴民智通,综合,主板
002356,赫美集团,综合,主板
002357,富临运业,综合,主板
002360,同德化工,综合,主板
002362,汉王科技,综合,主板
002365,永安药业,综合,主板
002366,融发核电,综合,主板
002368,太极股份,综合,主板
002369,卓翼科技,综合,主板
002370,亚太药业,综合,主板
002371,北方华创,综合,主板
002373,千方科技,综合,主板
002374,中锐股份,综合,主板
002376,新北洋,综合,主板
002377,国创高新,综合,主板
002378,章源钨业,综合,主板
002379,宏桥控股,综合,主板
002380,科远智慧,综合,主板
002381,双箭股份,综合,主板
002382,蓝帆医疗,综合,主板
002383,合众思壮,综合,主板
002384,东山精密,综合,主板
002385,大北农,综合,主板
002386,天原股份,综合,主板
002387,维信诺,综合,主板
002388,新亚制程,综合,主板
002389,航天彩虹,综合,主板
002390,信邦制药,综合,主板
002391,长青股份,综合,主板
002393,力生制药,综合,主板
002394,联发股份,综合,主板
002395,双象股份,综合,主板
002396,星网锐捷,综合,主板
002398,垒知集团,综合,主板
002399,海普瑞,综合,主板
002401,中远海科,综合,主板
002402,和而泰,综合,主板
002403,爱仕达,综合,主板
002405,四维图新,综合,主板
002406,远东传动,综合,主板
002407,多氟多,综合,主板
002408,齐翔腾达,综合,主板
002409,雅克科技,综合,主板
002410,广联达,综合,主板
002413,雷科防务,综合,主板
002414,高德红外,综合,主板
002418,康盛股份,综合,主板
002419,天虹股份,综合,主板
002420,毅昌科技,综合,主板
002421,达实智能,综合,主板
002423,中粮资本,综合,主板
002424,ST百灵,综合,主板
002425,凯撒文化,综合,主板
002426,胜利精密,综合,主板
002427,尤夫股份,综合,主板
002428,云南锗业,综合,主板
002431,棕榈股份,综合,主板
002432,九安医疗,综合,主板
002434,万里扬,综合,主板
002436,兴森科技,综合,主板
002437,誉衡药业,综合,主板
002438,江苏神通,综合,主板
002439,启明星辰,综合,主板
002440,闰土股份,综合,主板
002442,龙星科技,综合,主板
002444,巨星科技,综合,主板
002446,盛路通信,综合,主板
002448,中原内配,综合,主板
002449,国星光电,综合,主板
002453,华软科技,综合,主板
002454,松芝股份,综合,主板
002455,百川股份,综合,主板
002456,欧菲光,综合,主板
002457,青龙管业,综合,主板
002458,益生股份,综合,主板
002459,晶澳科技,综合,主板
002460,赣锋锂业,综合,主板
002461,珠江啤酒,综合,主板
002463,沪电股份,综合,主板
002465,海格通信,综合,主板
002466,天齐锂业,综合,主板
002467,二六三,综合,主板
002470,金正大,综合,主板
002471,中超控股,综合,主板
002474,榕基软件,综合,主板
002475,立讯精密,综合,主板
002476,宝莫股份,综合,主板
002479,富春环保,综合,主板
002480,新筑股份,综合,主板
002481,双塔食品,综合,主板
002482,广田集团,综合,主板
002483,润邦股份,综合,主板
002485,ST雪发,综合,主板
002486,嘉麟杰,综合,主板
002487,大金重工,综合,主板
002488,金固股份,综合,主板
002489,浙江永强,综合,主板
002490,山东墨龙,综合,主板
002491,通鼎互联,综合,主板
002492,恒基达鑫,综合,主板
002494,华斯股份,综合,主板
002495,佳隆股份,综合,主板
002496,*ST辉丰,综合,主板
002497,雅化集团,综合,主板
002500,山西证券,综合,主板
002501,利源股份,综合,主板
002506,协鑫集成,综合,主板
002510,天汽模,综合,主板
002511,中顺洁柔,综合,主板
002512,ST达华,综合,主板
002513,蓝丰生化,综合,主板
002514,宝馨科技,综合,主板
002515,金字火腿,综合,主板
002518,科士达,综合,主板
002519,银河电子,综合,主板
002520,日发精机,综合,主板
002521,齐峰新材,综合,主板
002523,天桥起重,综合,主板
002524,光正眼科,综合,主板
002527,新时达,综合,主板
002528,ST英飞拓,综合,主板
002529,*ST海源,综合,主板
002530,金财互联,综合,主板
002531,天顺风能,综合,主板
002532,天山铝业,综合,主板
002534,西子洁能,综合,主板
002535,林州重机,综合,主板
002537,海联金汇,综合,主板
002542,中化岩土,综合,主板
002543,万和电气,综合,主板
002544,普天科技,综合,主板
002545,东方铁塔,综合,主板
002546,新联电子,综合,主板
002547,春兴精工,综合,主板
002548,金新农,综合,主板
002549,凯美特气,综合,主板
002550,千红制药,综合,主板
002551,尚荣医疗,综合,主板
002552,宝鼎科技,综合,主板
002553,南方精工,综合,主板
002554,惠博普,综合,主板
002557,洽洽食品,综合,主板
002560,通达股份,综合,主板
002561,徐家汇,综合,主板
002562,兄弟科技,综合,主板
002564,天沃科技,综合,主板
002565,顺灏股份,综合,主板
002567,唐人神,综合,主板
002569,*ST步森,综合,主板
002571,德力股份,综合,主板
002572,索菲亚,综合,主板
002573,清新环境,综合,主板
002574,明牌珠宝,综合,主板
002575,群兴玩具,综合,主板
002577,雷柏科技,综合,主板
002578,闽发铝业,综合,主板
002579,中京电子,综合,主板
002581,ST未名,综合,主板
002582,好想你,综合,主板
002583,海能达,综合,主板
002584,西陇科学,综合,主板
002585,双星新材,综合,主板
002586,ST围海,综合,主板
002587,奥拓电子,综合,主板
002591,恒大高新,综合,主板
002592,ST八菱,综合,主板
002593,日上集团,综合,主板
002594,比亚迪,综合,主板
002596,海南瑞泽,综合,主板
002597,金禾实业,综合,主板
002598,山东章鼓,综合,主板
002599,盛通股份,综合,主板
002600,领益智造,综合,主板
002602,世纪华通,综合,主板
002603,以岭药业,综合,主板
002606,大连电瓷,综合,主板
002607,中公教育,综合,主板
002608,江苏国信,综合,主板
002609,捷顺科技,综合,主板
002611,东方精工,综合,主板
002612,朗姿股份,综合,主板
002613,北玻股份,综合,主板
002614,奥佳华,综合,主板
002615,哈尔斯,综合,主板
002616,长青集团,综合,主板
002620,ST瑞和,综合,主板
002622,皓宸医疗,综合,主板
002623,亚玛顿,综合,主板
002624,完美世界,综合,主板
002626,金达威,综合,主板
002627,三峡旅游,综合,主板
002628,成都路桥,综合,主板
002629,仁智股份,综合,主板
002630,ST华西,综合,主板
002631,德尔未来,综合,主板
002633,申科股份,综合,主板
002634,棒杰股份,综合,主板
002635,安洁科技,综合,主板
002636,金安国纪,综合,主板
002637,赞宇科技,综合,主板
002638,勤上股份,综合,主板
002640,跨境通,综合,主板
002641,公元股份,综合,主板
002642,荣联科技,综合,主板
002645,华宏科技,综合,主板
002646,天佑德酒,综合,主板
002647,*ST仁东,综合,主板
002648,卫星化学,综合,主板
002649,博彦科技,综合,主板
002650,ST加加,综合,主板
002651,利君股份,综合,主板
002652,扬子新材,综合,主板
002654,万润科技,综合,主板
002656,*ST摩登,综合,主板
002657,中科金财,综合,主板
002659,凯文教育,综合,主板
002660,茂硕电源,综合,主板
002661,克明食品,综合,主板
002663,普邦股份,综合,主板
002664,信质集团,综合,主板
002666,德联集团,综合,主板
002667,威领股份,综合,主板
002669,康达新材,综合,主板
002670,国盛证券,综合,主板
002671,龙泉股份,综合,主板
002672,东江环保,综合,主板
002674,兴业科技,综合,主板
002677,浙江美大,综合,主板
002678,珠江钢琴,综合,主板
002679,福建金森,综合,主板
002681,奋达科技,综合,主板
002682,龙洲股份,综合,主板
002683,广东宏大,综合,主板
002685,华东重机,综合,主板
002687,乔治白,综合,主板
002688,金河生物,综合,主板
002689,ST远智,综合,主板
002691,冀凯股份,综合,主板
002692,远程股份,综合,主板
002693,*ST双成,综合,主板
002694,顾地科技,综合,主板
002695,煌上煌,综合,主板
002696,百洋股份,综合,主板
002701,奥瑞金,综合,主板
002702,海欣食品,综合,主板
002703,浙江世宝,综合,主板
002707,众信旅游,综合,主板
002708,光洋股份,综合,主板
002709,天赐材料,综合,主板
002712,思美传媒,综合,主板
002713,*ST东易,综合,主板
002714,牧原股份,综合,主板
002715,登云股份,综合,主板
002716,湖南白银,综合,主板
002717,ST岭南,综合,主板
002718,友邦吊顶,综合,主板
002719,麦趣尔,综合,主板
002721,金一文化,综合,主板
002723,小崧股份,综合,主板
002724,海洋王,综合,主板
002725,跃岭股份,综合,主板
002726,龙大美食,综合,主板
002727,一心堂,综合,主板
002728,特一药业,综合,主板
002729,好利科技,综合,主板
002731,ST萃华,综合,主板
002734,利民股份,综合,主板
002735,王子新材,综合,主板
002736,国信证券,综合,主板
002737,葵花药业,综合,主板
002738,中矿资源,综合,主板
002739,万达电影,综合,主板
002741,光华科技,综合,主板
002742,*ST三圣,综合,主板
002743,富煌钢构,综合,主板
002745,木林森,综合,主板
002746,仙坛股份,综合,主板
002747,埃斯顿,综合,主板
002748,世龙实业,综合,主板
002753,永东股份,综合,主板
002755,奥赛康,综合,主板
002757,南兴股份,综合,主板
002759,天际股份,综合,主板
002760,凤形股份,综合,主板
002761,浙江建投,综合,主板
002762,*ST金比,综合,主板
002763,汇洁股份,综合,主板
002765,蓝黛科技,综合,主板
002766,索菱股份,综合,主板
002769,普路通,综合,主板
002771,真视通,综合,主板
002772,众兴菌业,综合,主板
002775,文科股份,综合,主板
002777,久远银海,综合,主板
002778,中晟高科,综合,主板
002779,中坚科技,综合,主板
002780,三夫户外,综合,主板
002782,可立克,综合,主板
002783,凯龙股份,综合,主板
002785,万里石,综合,主板
002786,银宝山新,综合,主板
002787,华源控股,综合,主板
002789,*ST建艺,综合,主板
002790,瑞尔特,综合,主板
002791,坚朗五金,综合,主板
002793,罗欣药业,综合,主板
002795,永和智控,综合,主板
002796,世嘉科技,综合,主板
002798,帝欧水华,综合,主板
002799,环球印务,综合,主板
002800,天顺股份,综合,主板
002801,微光股份,综合,主板
002803,吉宏股份,综合,主板
002805,丰元股份,综合,主板
002806,华锋股份,综合,主板
002808,*ST恒久,综合,主板
002809,红墙股份,综合,主板
002811,郑中设计,综合,主板
002812,恩捷股份,综合,主板
002813,路畅科技,综合,主板
002816,*ST和科,综合,主板
002819,东方中科,综合,主板
002820,桂发祥,综合,主板
002821,凯莱英,综合,主板
002822,ST中装,综合,主板
002823,凯中精密,综合,主板
002824,和胜股份,综合,主板
002825,纳尔股份,综合,主板
002826,易明医药,综合,主板
002829,星网宇达,综合,主板
002836,新宏泽,综合,主板
002838,道恩股份,综合,主板
002840,华统股份,综合,主板
002842,翔鹭钨业,综合,主板
002843,泰嘉股份,综合,主板
002845,同兴达,综合,主板
002846,英联股份,综合,主板
002848,*ST高斯,综合,主板
002849,威星智能,综合,主板
002850,科达利,综合,主板
002851,麦格米特,综合,主板
002852,道道全,综合,主板
002853,皮阿诺,综合,主板
002855,捷荣技术,综合,主板
002856,美芝股份,综合,主板
002857,三晖电气,综合,主板
002858,力盛体育,综合,主板
002861,瀛通通讯,综合,主板
002862,实丰文化,综合,主板
002865,钧达股份,综合,主板
002866,传艺科技,综合,主板
002868,*ST绿康,综合,主板
002869,金溢科技,综合,主板
002872,ST天圣,综合,主板
002873,新天药业,综合,主板
002875,安奈儿,综合,主板
002876,三利谱,综合,主板
002878,元隆雅图,综合,主板
002879,长缆科技,综合,主板
002881,美格智能,综合,主板
002883,中设股份,综合,主板
002885,京泉华,综合,主板
002886,沃特股份,综合,主板
002888,惠威科技,综合,主板
002895,川恒股份,综合,主板
002897,意华股份,综合,主板
002898,*ST赛隆,综合,主板
002900,哈三联,综合,主板
002901,大博医疗,综合,主板
002902,铭普光磁,综合,主板
002903,宇环数控,综合,主板
002905,金逸影视,综合,主板
002907,华森制药,综合,主板
002908,德生科技,综合,主板
002909,集泰股份,综合,主板
002910,庄园牧场,综合,主板
002912,中新赛克,综合,主板
002913,奥士康,综合,主板
002915,中欣氟材,综合,主板
002916,深南电路,综合,主板
002917,金奥博,综合,主板
002918,蒙娜丽莎,综合,主板
002921,联诚精密,综合,主板
002923,润都股份,综合,主板
002925,盈趣科技,综合,主板
002926,华西证券,综合,主板
002927,泰永长征,综合,主板
002928,华夏航空,综合,主板
002929,润建股份,综合,主板
002930,宏川智慧,综合,主板
002931,锋龙股份,综合,主板
002932,明德生物,综合,主板
002933,新兴装备,综合,主板
002935,天奥电子,综合,主板
002938,鹏鼎控股,综合,主板
002939,长城证券,综合,主板
002940,昂利康,综合,主板
002941,新疆交建,综合,主板
002942,新农股份,综合,主板
002943,宇晶股份,综合,主板
002945,华林证券,综合,主板
002947,恒铭达,综合,主板
002950,奥美医疗,综合,主板
002951,金时科技,综合,主板
002955,鸿合科技,综合,主板
002957,科瑞技术,综合,主板
002961,瑞达期货,综合,主板
002963,豪尔赛,综合,主板
002965,祥鑫科技,综合,主板
002967,广电计量,综合,主板
002969,嘉美包装,综合,主板
002970,锐明技术,综合,主板
002972,科安达,综合,主板
002975,博杰股份,综合,主板
002976,瑞玛精密,综合,主板
002977,天箭科技,综合,主板
002982,湘佳股份,综合,主板
002984,森麒麟,综合,主板
002985,北摩高科,综合,主板
002986,宇新股份,综合,主板
002989,中天精装,综合,主板
002990,盛视科技,综合,主板
002991,甘源食品,综合,主板
002992,宝明科技,综合,主板
002995,天地在线,综合,主板
002996,顺博合金,综合,主板
002999,天禾股份,综合,主板
003001,中岩大地,综合,主板
003002,壶化股份,综合,主板
003004,*ST声迅,综合,主板
003005,竞业达,综合,主板
003007,直真科技,综合,主板
003009,中天火箭,综合,主板
003010,若羽臣,综合,主板
003011,海象新材,综合,主板
003012,东鹏控股,综合,主板
003015,日久光电,综合,主板
003016,欣贺股份,综合,主板
003017,大洋生物,综合,主板
003026,中晶科技,综合,主板
003027,同兴科技,综合,主板
003028,振邦智能,综合,主板
003029,吉大正元,综合,主板
003030,祖名股份,综合,主板
003032,*ST传智,综合,主板
003035,南网能源,综合,主板
003037,三和管桩,综合,主板
003038,鑫铂股份,综合,主板
003040,楚天龙,综合,主板
003041,真爱美家,综合,主板
003042,中农联合,综合,主板
200011,深物业B,综合,科创板
200012,南玻B,综合,科创板
200016,深康佳B,综合,科创板
200017,深中华B,综合,科创板
200026,飞亚达B,综合,科创板
200028,一致B,综合,科创板
200029,深深房B,综合,科创板
200037,深南电B,综合,科创板
200045,深纺织B,综合,科创板
200055,方大B,综合,科创板
200056,皇庭B,综合,科创板
200058,深赛格B,综合,科创板
200468,宁通信B,综合,科创板
200488,ST晨鸣B,综合,科创板
200505,京粮B,综合,科创板
200512,闽灿坤B,综合,科创板
200539,粤电力B,综合,科创板
200541,粤照明B,综合,科创板
200553,安道麦B,综合,科创板
200570,苏常柴B,综合,科创板
200625,长安B,综合,科创板
200706,瓦轴B,综合,科创板
200725,京东方B,综合,科创板
200726,鲁泰B,综合,科创板
200761,本钢板B,综合,科创板
200869,张裕B,综合,科创板
200992,中鲁B,综合,科创板
300001,特锐德,综合,创业板
300002,神州泰岳,综合,创业板
300003,乐普医疗,综合,创业板
300004,南风股份,综合,创业板
300005,探路者,综合,创业板
300006,莱美药业,综合,创业板
300007,汉威科技,综合,创业板
300008,天海防务,综合,创业板
300010,豆神教育,综合,创业板
300011,鼎汉技术,综合,创业板
300012,华测检测,综合,创业板
300013,新宁物流,综合,创业板
300016,北陆药业,综合,创业板
300018,中元股份,综合,创业板
300020,ST银江,综合,创业板
300021,大禹节水,综合,创业板
300022,吉峰科技,综合,创业板
300024,机器人,综合,创业板
300025,华星创业,综合,创业板
300027,华谊兄弟,综合,创业板
300029,*ST天龙,综合,创业板
300030,阳普医疗,综合,创业板
300031,宝通科技,综合,创业板
300032,金龙机电,综合,创业板
300033,同花顺,综合,创业板
300034,钢研高纳,综合,创业板
300035,中科电气,综合,创业板
300036,超图软件,综合,创业板
300040,九洲集团,综合,创业板
300041,回天新材,综合,创业板
300042,朗科科技,综合,创业板
300043,星辉娱乐,综合,创业板
300044,ST赛为,综合,创业板
300045,华力创通,综合,创业板
300046,台基股份,综合,创业板
300048,合康新能,综合,创业板
300049,福瑞医科,综合,创业板
300050,世纪鼎利,综合,创业板
300051,琏升科技,综合,创业板
300052,ST中青宝,综合,创业板
300053,航宇微,综合,创业板
300054,鼎龙股份,综合,创业板
300055,万邦达,综合,创业板
300056,中创环保,综合,创业板
300057,万顺新材,综合,创业板
300058,蓝色光标,综合,创业板
300061,旗天科技,综合,创业板
300062,中能电气,综合,创业板
300063,天龙集团,综合,创业板
300065,海兰信,综合,创业板
300066,三川智慧,综合,创业板
300067,安诺其,综合,创业板
300068,南都电源,综合,创业板
300069,金利华电,综合,创业板
300070,碧水源,综合,创业板
300071,福石控股,综合,创业板
300072,海新能科,综合,创业板
300073,当升科技,综合,创业板
300074,华平股份,综合,创业板
300075,数字政通,综合,创业板
300076,GQY视讯,综合,创业板
300077,国民技术,综合,创业板
300078,思创智联,综合,创业板
300080,易成新能,综合,创业板
300081,恒信东方,综合,创业板
300082,奥克股份,综合,创业板
300083,创世纪,综合,创业板
300084,海默科技,综合,创业板
300085,银之杰,综合,创业板
300086,康芝药业,综合,创业板
300087,荃银高科,综合,创业板
300091,*ST金灵,综合,创业板
300092,科新机电,综合,创业板
300093,*ST金刚,综合,创业板
300094,国联水产,综合,创业板
300095,华伍股份,综合,创业板
300096,ST易联众,综合,创业板
300097,ST智云,综合,创业板
300098,高新兴,综合,创业板
300099,尤洛卡,综合,创业板
300100,双林股份,综合,创业板
300103,达刚控股,综合,创业板
300105,龙源技术,综合,创业板
300106,西部牧业,综合,创业板
300107,建新股份,综合,创业板
300110,华仁药业,综合,创业板
300111,向日葵,综合,创业板
300112,万讯自控,综合,创业板
300113,顺网科技,综合,创业板
300115,长盈精密,综合,创业板
300118,东方日升,综合,创业板
300119,瑞普生物,综合,创业板
300120,经纬辉开,综合,创业板
300122,智飞生物,综合,创业板
300123,亚光科技,综合,创业板
300124,汇川技术,综合,创业板
300125,*ST聆达,综合,创业板
300126,锐奇股份,综合,创业板
300128,锦富技术,综合,创业板
300130,新国都,综合,创业板
300131,英唐智控,综合,创业板
300132,青松股份,综合,创业板
300134,大富科技,综合,创业板
300135,宝利国际,综合,创业板
300137,先河环保,综合,创业板
300138,晨光生物,综合,创业板
300139,晓程科技,综合,创业板
300140,节能环境,综合,创业板
300141,和顺电气,综合,创业板
300142,沃森生物,综合,创业板
300144,宋城演艺,综合,创业板
300146,汤臣倍健,综合,创业板
300147,ST香雪,综合,创业板
300148,天舟文化,综合,创业板
300149,睿智医药,综合,创业板
300150,世纪瑞尔,综合,创业板
300152,ST新动力,综合,创业板
300155,安居宝,综合,创业板
300157,新锦动力,综合,创业板
300158,振东制药,综合,创业板
300159,*ST新研,综合,创业板
300160,秀强股份,综合,创业板
300161,华中数控,综合,创业板
300162,雷曼光电,综合,创业板
300163,先锋新材,综合,创业板
300164,通源石油,综合,创业板
300165,ST天瑞,综合,创业板
300166,东方国信,综合,创业板
300167,ST迪威迅,综合,创业板
300168,万达信息,综合,创业板
300169,天晟新材,综合,创业板
300171,东富龙,综合,创业板
300173,ST福能,综合,创业板
300175,ST朗源,综合,创业板
300176,鸿特科技,综合,创业板
300177,中海达,综合,创业板
300180,华峰超纤,综合,创业板
300181,佐力药业,综合,创业板
300183,东软载波,综合,创业板
300184,力源信息,综合,创业板
300185,通裕重工,综合,创业板
300188,国投智能,综合,创业板
300189,神农种业,综合,创业板
300190,维尔利,综合,创业板
300191,潜能恒信,综合,创业板
300194,福安药业,综合,创业板
300195,长荣股份,综合,创业板
300197,节能铁汉,综合,创业板
300198,ST纳川,综合,创业板
300199,翰宇药业,综合,创业板
300200,高盟新材,综合,创业板
300201,海伦哲,综合,创业板
300203,聚光科技,综合,创业板
300204,舒泰神,综合,创业板
300205,*ST天喻,综合,创业板
300206,理邦仪器,综合,创业板
300209,行云科技,综合,创业板
300210,森远股份,综合,创业板
300211,*ST亿通,综合,创业板
300212,易华录,综合,创业板
300213,佳讯飞鸿,综合,创业板
300214,日科化学,综合,创业板
300215,电科院,综合,创业板
300217,东方电热,综合,创业板
300218,安利股份,综合,创业板
300219,鸿利智汇,综合,创业板
300220,金运激光,综合,创业板
300221,银禧科技,综合,创业板
300222,科大智能,综合,创业板
300223,北京君正,综合,创业板
300224,正海磁材,综合,创业板
300225,*ST金泰,综合,创业板
300227,光韵达,综合,创业板
300228,富瑞特装,综合,创业板
300229,拓尔思,综合,创业板
300231,银信科技,综合,创业板
300233,金城医药,综合,创业板
300234,开尔新材,综合,创业板
300236,上海新阳,综合,创业板
300237,ST美晨,综合,创业板
300240,飞力达,综合,创业板
300241,瑞丰光电,综合,创业板
300242,佳云科技,综合,创业板
300243,瑞丰高材,综合,创业板
300244,迪安诊断,综合,创业板
300245,天玑科技,综合,创业板
300246,宝莱特,综合,创业板
300247,融捷健康,综合,创业板
300249,依米康,综合,创业板
300250,初灵信息,综合,创业板
300251,光线传媒,综合,创业板
300252,金信诺,综合,创业板
300253,卫宁健康,综合,创业板
300254,仟源医药,综合,创业板
300255,常山药业,综合,创业板
300256,星星科技,综合,创业板
300259,新天科技,综合,创业板
300260,新莱应材,综合,创业板
300261,雅本化学,综合,创业板
300263,隆华科技,综合,创业板
300264,佳创视讯,综合,创业板
300266,兴源环境,综合,创业板
300267,尔康制药,综合,创业板
300268,*ST佳沃,综合,创业板
300270,中威电子,综合,创业板
300271,华宇软件,综合,创业板
300276,三丰智能,综合,创业板
300277,海联讯,综合,创业板
300278,华昌达,综合,创业板
300281,金明精机,综合,创业板
300283,温州宏丰,综合,创业板
300284,苏交科,综合,创业板
300287,飞利信,综合,创业板
300288,朗玛信息,综合,创业板
300289,利德曼,综合,创业板
300290,荣科科技,综合,创业板
300291,百纳千成,综合,创业板
300293,蓝英装备,综合,创业板
300294,博雅生物,综合,创业板
300295,三六五网,综合,创业板
300296,利亚德,综合,创业板
300298,三诺生物,综合,创业板
300299,富春股份,综合,创业板
300300,海峡创新,综合,创业板
300301,ST长方,综合,创业板
300302,同有科技,综合,创业板
300303,聚飞光电,综合,创业板
300305,裕兴股份,综合,创业板
300306,远方信息,综合,创业板
300307,慈星股份,综合,创业板
300308,中际旭创,综合,创业板
300310,宜通世纪,综合,创业板
300311,ST任子行,综合,创业板
300313,*ST天山,综合,创业板
300314,戴维医疗,综合,创业板
300315,掌趣科技,综合,创业板
300316,晶盛机电,综合,创业板
300317,珈伟新能,综合,创业板
300318,博晖创新,综合,创业板
300321,同大股份,综合,创业板
300322,硕贝德,综合,创业板
300323,华灿光电,综合,创业板
300324,旋极信息,综合,创业板
300326,ST凯利,综合,创业板
300327,中颖电子,综合,创业板
300328,宜安科技,综合,创业板
300329,海伦钢琴,综合,创业板
300331,苏大维格,综合,创业板
300332,天壕能源,综合,创业板
300333,兆日科技,综合,创业板
300334,津膜科技,综合,创业板
300338,ST开元,综合,创业板
300340,科恒股份,综合,创业板
300342,天银机电,综合,创业板
300343,ST联创,综合,创业板
300344,*ST立方,综合,创业板
300345,华民股份,综合,创业板
300347,泰格医药,综合,创业板
300350,华鹏飞,综合,创业板
300351,永贵电器,综合,创业板
300352,北信源,综合,创业板
300353,东土科技,综合,创业板
300355,蒙草生态,综合,创业板
300357,我武生物,综合,创业板
300358,楚天科技,综合,创业板
300359,全通教育,综合,创业板
300363,博腾股份,综合,创业板
300364,中文在线,综合,创业板
300365,恒华科技,综合,创业板
300366,ST创意,综合,创业板
300368,汇金股份,综合,创业板
300369,绿盟科技,综合,创业板
300370,安控科技,综合,创业板
300371,汇中股份,综合,创业板
300373,扬杰科技,综合,创业板
300374,中铁装配,综合,创业板
300375,鹏翎股份,综合,创业板
300376,易事特,综合,创业板
300377,赢时胜,综合,创业板
300379,东通退,综合,创业板
300380,安硕信息,综合,创业板
300381,溢多利,综合,创业板
300382,斯莱克,综合,创业板
300383,光环新网,综合,创业板
300385,雪浪环境,综合,创业板
300386,飞天诚信,综合,创业板
300389,艾比森,综合,创业板
300390,天华新能,综合,创业板
300391,*ST长药,综合,创业板
300393,中来股份,综合,创业板
300394,天孚通信,综合,创业板
300395,菲利华,综合,创业板
300396,迪瑞医疗,综合,创业板
300397,天和防务,综合,创业板
300398,飞凯材料,综合,创业板
300399,天利科技,综合,创业板
300403,汉宇集团,综合,创业板
300405,科隆股份,综合,创业板
300406,九强生物,综合,创业板
300408,三环集团,综合,创业板
300409,道氏技术,综合,创业板
300410,正业科技,综合,创业板
300413,芒果超媒,综合,创业板
300414,中光防雷,综合,创业板
300415,伊之密,综合,创业板
300416,苏试试验,综合,创业板
300417,南华仪器,综合,创业板
300418,昆仑万维,综合,创业板
300419,ST浩丰,综合,创业板
300420,五洋自控,综合,创业板
300422,博世科,综合,创业板
300423,昇辉科技,综合,创业板
300424,航新科技,综合,创业板
300425,中建环能,综合,创业板
300426,华智数媒,综合,创业板
300427,红相股份,综合,创业板
300428,立中集团,综合,创业板
300429,强力新材,综合,创业板
300434,金石亚药,综合,创业板
300435,中泰股份,综合,创业板
300436,广生堂,综合,创业板
300437,清水源,综合,创业板
300438,鹏辉能源,综合,创业板
300439,美康生物,综合,创业板
300440,运达科技,综合,创业板
300441,鲍斯股份,综合,创业板
300442,润泽科技,综合,创业板
300443,金雷股份,综合,创业板
300444,双杰电气,综合,创业板
300445,康斯特,综合,创业板
300446,航天智造,综合,创业板
300447,全信股份,综合,创业板
300448,浩云科技,综合,创业板
300449,汉邦高科,综合,创业板
300450,先导智能,综合,创业板
300451,创业慧康,综合,创业板
300452,山河药辅,综合,创业板
300454,深信服,综合,创业板
300455,航天智装,综合,创业板
300456,赛微电子,综合,创业板
300458,全志科技,综合,创业板
300459,汤姆猫,综合,创业板
300460,ST惠伦,综合,创业板
300461,田中精机,综合,创业板
300462,ST华铭,综合,创业板
300463,迈克生物,综合,创业板
300464,星徽股份,综合,创业板
300466,赛摩智能,综合,创业板
300469,信息发展,综合,创业板
300471,厚普股份,综合,创业板
300472,*ST新元,综合,创业板
300473,德尔股份,综合,创业板
300474,景嘉微,综合,创业板
300475,香农芯创,综合,创业板
300476,胜宏科技,综合,创业板
300477,ST合纵,综合,创业板
300478,杭州高新,综合,创业板
300479,神思电子,综合,创业板
300480,光力科技,综合,创业板
300482,万孚生物,综合,创业板
300483,首华燃气,综合,创业板
300484,蓝海华腾,综合,创业板
300485,赛升药业,综合,创业板
300486,东杰智能,综合,创业板
300489,光智科技,综合,创业板
300490,华自科技,综合,创业板
300491,通合科技,综合,创业板
300492,华图山鼎,综合,创业板
300493,润欣科技,综合,创业板
300494,盛天网络,综合,创业板
300497,富祥药业,综合,创业板
300498,温氏股份,综合,创业板
300499,高澜股份,综合,创业板
300500,启迪设计,综合,创业板
300501,海顺新材,综合,创业板
300502,新易盛,综合,创业板
300503,昊志机电,综合,创业板
300504,天邑股份,综合,创业板
300505,川金诺,综合,创业板
300506,ST名家汇,综合,创业板
300508,维宏股份,综合,创业板
300509,新美星,综合,创业板
300510,金冠股份,综合,创业板
300511,雪榕生物,综合,创业板
300512,中亚股份,综合,创业板
300513,恒实科技,综合,创业板
300514,友讯达,综合,创业板
300516,久之洋,综合,创业板
300517,海波重科,综合,创业板
300518,新迅达,综合,创业板
300520,科大国创,综合,创业板
300521,爱司凯,综合,创业板
300523,辰安科技,综合,创业板
300525,博思软件,综合,创业板
300527,ST应急,综合,创业板
300528,幸福蓝海,综合,创业板
300530,领湃科技,综合,创业板
300531,优博讯,综合,创业板
300533,冰川网络,综合,创业板
300534,陇神戎发,综合,创业板
300535,达威股份,综合,创业板
300536,农尚环境,综合,创业板
300537,广信材料,综合,创业板
300538,同益股份,综合,创业板
300540,蜀道装备,综合,创业板
300541,先进数通,综合,创业板
300542,新晨科技,综合,创业板
300543,朗科智能,综合,创业板
300545,联得装备,综合,创业板
300546,雄帝科技,综合,创业板
300548,长芯博创,综合,创业板
300549,优德精密,综合,创业板
300551,古鳌科技,综合,创业板
300552,万集科技,综合,创业板
300554,三超新材,综合,创业板
300555,ST路通,综合,创业板
300556,丝路视觉,综合,创业板
300560,中富通,综合,创业板
300561,*ST汇科,综合,创业板
300562,乐心医疗,综合,创业板
300563,神宇股份,综合,创业板
300565,科信技术,综合,创业板
300566,激智科技,综合,创业板
300567,精测电子,综合,创业板
300568,星源材质,综合,创业板
300569,天能重工,综合,创业板
300571,平治信息,综合,创业板
300572,安车检测,综合,创业板
300573,兴齐眼药,综合,创业板
300575,中旗股份,综合,创业板
300577,开润股份,综合,创业板
300578,会畅科技,综合,创业板
300579,数字认证,综合,创业板
300581,晨曦航空,综合,创业板
300582,英飞特,综合,创业板
300583,赛托生物,综合,创业板
300585,奥联电子,综合,创业板
300586,美联新材,综合,创业板
300587,天铁科技,综合,创业板
300588,熙菱信息,综合,创业板
300589,江龙船艇,综合,创业板
300590,移为通信,综合,创业板
300591,万里马,综合,创业板
300592,华凯易佰,综合,创业板
300593,新雷能,综合,创业板
300594,朗进科技,综合,创业板
300595,欧普康视,综合,创业板
300597,吉大通信,综合,创业板
300598,诚迈科技,综合,创业板
300599,雄塑科技,综合,创业板
300600,国瑞科技,综合,创业板
300601,康泰生物,综合,创业板
300602,飞荣达,综合,创业板
300603,立昂技术,综合,创业板
300604,长川科技,综合,创业板
300605,恒锋信息,综合,创业板
300606,金太阳,综合,创业板
300607,拓斯达,综合,创业板
300608,思特奇,综合,创业板
300609,汇纳科技,综合,创业板
300610,晨化股份,综合,创业板
300611,美力科技,综合,创业板
300612,宣亚国际,综合,创业板
300613,富瀚微,综合,创业板
300614,百川畅银,综合,创业板
300615,欣天科技,综合,创业板
300616,尚品宅配,综合,创业板
300617,安靠智电,综合,创业板
300619,金银河,综合,创业板
300620,光库科技,综合,创业板
300621,维业股份,综合,创业板
300623,捷捷微电,综合,创业板
300624,万兴科技,综合,创业板
300625,三雄极光,综合,创业板
300626,华瑞股份,综合,创业板
300627,华测导航,综合,创业板
300628,亿联网络,综合,创业板
300632,光莆股份,综合,创业板
300635,中达安,综合,创业板
300637,扬帆新材,综合,创业板
300639,凯普生物,综合,创业板
300640,德艺文创,综合,创业板
300642,透景生命,综合,创业板
300643,万通智控,综合,创业板
300644,南京聚隆,综合,创业板
300645,正元智慧,综合,创业板
300647,超频三,综合,创业板
300648,星云股份,综合,创业板
300649,杭州园林,综合,创业板
300651,金陵体育,综合,创业板
300652,雷迪克,综合,创业板
300655,晶瑞电材,综合,创业板
300656,民德电子,综合,创业板
300657,弘信电子,综合,创业板
300658,延江股份,综合,创业板
300659,中孚信息,综合,创业板
300661,圣邦股份,综合,创业板
300662,科锐国际,综合,创业板
300663,科蓝软件,综合,创业板
300665,飞鹿股份,综合,创业板
300666,江丰电子,综合,创业板
300667,必创科技,综合,创业板
300668,杰恩设计,综合,创业板
300670,大烨智能,综合,创业板
300671,富满微,综合,创业板
300672,国科微,综合,创业板
300673,佩蒂股份,综合,创业板
300675,建科院,综合,创业板
300676,华大基因,综合,创业板
300677,英科医疗,综合,创业板
300678,中科信息,综合,创业板
300679,电连技术,综合,创业板
300680,隆盛科技,综合,创业板
300681,英搏尔,综合,创业板
300682,朗新科技,综合,创业板
300683,海特生物,综合,创业板
300684,中石科技,综合,创业板
300686,智动力,综合,创业板
300687,赛意信息,综合,创业板
300688,创业黑马,综合,创业板
300690,双一科技,综合,创业板
300691,联合光电,综合,创业板
300694,蠡湖股份,综合,创业板
300695,兆丰股份,综合,创业板
300696,爱乐达,综合,创业板
300700,岱勒新材,综合,创业板
300702,天宇股份,综合,创业板
300703,创源股份,综合,创业板
300706,阿石创,综合,创业板
300707,威唐工业,综合,创业板
300709,精研科技,综合,创业板
300710,万隆光电,综合,创业板
300711,广哈通信,综合,创业板
300713,英可瑞,综合,创业板
300715,凯伦股份,综合,创业板
300716,ST泉为,综合,创业板
300719,安达维尔,综合,创业板
300721,怡达股份,综合,创业板
300723,一品红,综合,创业板
300724,捷佳伟创,综合,创业板
300730,科创信息,综合,创业板
300731,科创新源,综合,创业板
300732,设研院,综合,创业板
300733,西菱动力,综合,创业板
300736,百邦科技,综合,创业板
300737,科顺股份,综合,创业板
300739,明阳电路,综合,创业板
300740,水羊股份,综合,创业板
300741,华宝股份,综合,创业板
300745,欣锐科技,综合,创业板
300746,汉嘉数智,综合,创业板
300748,金力永磁,综合,创业板
300749,顶固集创,综合,创业板
300752,隆利科技,综合,创业板
300753,爱朋医疗,综合,创业板
300755,华致酒行,综合,创业板
300756,金马游乐,综合,创业板
300757,罗博特科,综合,创业板
300758,七彩化学,综合,创业板
300759,康龙化成,综合,创业板
300761,立华股份,综合,创业板
300762,上海瀚讯,综合,创业板
300765,新诺威,综合,创业板
300766,每日互动,综合,创业板
300767,震安科技,综合,创业板
300769,德方纳米,综合,创业板
300771,智莱科技,综合,创业板
300773,拉卡拉,综合,创业板
300775,三角防务,综合,创业板
300777,中简科技,综合,创业板
300778,新城市,综合,创业板
300779,惠城环保,综合,创业板
300780,德恩精工,综合,创业板
300781,因赛集团,综合,创业板
300782,卓胜微,综合,创业板
300783,三只松鼠,综合,创业板
300786,国林科技,综合,创业板
300787,海能实业,综合,创业板
300789,唐源电气,综合,创业板
300790,宇瞳光学,综合,创业板
300791,仙乐健康,综合,创业板
300792,壹网壹创,综合,创业板
300793,佳禾智能,综合,创业板
300796,贝斯美,综合,创业板
300798,锦鸡股份,综合,创业板
300801,泰和科技,综合,创业板
300805,电声股份,综合,创业板
300807,天迈科技,综合,创业板
300808,久量股份,综合,创业板
300809,华辰装备,综合,创业板
300810,中科海讯,综合,创业板
300812,易天股份,综合,创业板
300816,艾可蓝,综合,创业板
300818,耐普矿机,综合,创业板
300821,东岳硅材,综合,创业板
300822,贝仕达克,综合,创业板
300824,北鼎股份,综合,创业板
300825,阿尔特,综合,创业板
300826,测绘股份,综合,创业板
300829,金丹科技,综合,创业板
300830,金现代,综合,创业板
300831,派瑞股份,综合,创业板
300835,龙磁科技,综合,创业板
300836,佰奥智能,综合,创业板
300838,浙江力诺,综合,创业板
300839,博汇股份,综合,创业板
300840,酷特智能,综合,创业板
300841,康华生物,综合,创业板
300842,帝科股份,综合,创业板
300844,山水比德,综合,创业板
300846,首都在线,综合,创业板
300849,锦盛新材,综合,创业板
300850,新强联,综合,创业板
300851,交大思诺,综合,创业板
300853,申昊科技,综合,创业板
300854,中兰环保,综合,创业板
300856,科思股份,综合,创业板
300857,协创数据,综合,创业板
300859,西域旅游,综合,创业板
300860,锋尚文化,综合,创业板
300861,美畅股份,综合,创业板
300862,蓝盾光电,综合,创业板
300865,大宏立,综合,创业板
300867,圣元环保,综合,创业板
300868,杰美特,综合,创业板
300869,康泰医学,综合,创业板
300870,欧陆通,综合,创业板
300871,回盛生物,综合,创业板
300872,天阳科技,综合,创业板
300875,捷强装备,综合,创业板
300876,蒙泰高新,综合,创业板
300877,金春股份,综合,创业板
300878,维康药业,综合,创业板
300879,大叶股份,综合,创业板
300880,迦南智能,综合,创业板
300882,万胜智能,综合,创业板
300883,龙利得,综合,创业板
300884,狄耐克,综合,创业板
300886,华业香料,综合,创业板
300887,谱尼测试,综合,创业板
300889,爱克股份,综合,创业板
300891,惠云钛业,综合,创业板
300892,品渥食品,综合,创业板
300894,火星人,综合,创业板
300895,铜牛信息,综合,创业板
300897,山科智能,综合,创业板
300898,熊猫乳品,综合,创业板
300899,*ST凯鑫,综合,创业板
300900,广联航空,综合,创业板
300901,中胤时尚,综合,创业板
300902,国安达,综合,创业板
300903,科翔股份,综合,创业板
300904,威力传动,综合,创业板
300905,宝丽迪,综合,创业板
300907,康平科技,综合,创业板
300909,汇创达,综合,创业板
300911,亿田智能,综合,创业板
300912,凯龙高科,综合,创业板
300913,兆龙互连,综合,创业板
300915,海融科技,综合,创业板
300926,博俊科技,综合,创业板
300927,江天化学,综合,创业板
300928,华安鑫创,综合,创业板
300929,华骐环保,综合,创业板
300931,通用电梯,综合,创业板
300933,中辰股份,综合,创业板
300935,盈建科,综合,创业板
300936,中英科技,综合,创业板
300937,药易购,综合,创业板
300940,南极光,综合,创业板
300942,易瑞生物,综合,创业板
300946,恒而达,综合,创业板
300947,德必集团,综合,创业板
300948,冠中生态,综合,创业板
300949,奥雅股份,综合,创业板
300953,震裕科技,综合,创业板
300955,嘉亨家化,综合,创业板
300956,英力股份,综合,创业板
300958,建工修复,综合,创业板
300959,线上线下,综合,创业板
300961,深水海纳,综合,创业板
300963,中洲特材,综合,创业板
300964,本川智能,综合,创业板
300966,共同药业,综合,创业板
300967,晓鸣股份,综合,创业板
300968,格林精密,综合,创业板
300970,华绿生物,综合,创业板
300971,博亚精工,综合,创业板
300972,万辰集团,综合,创业板
300973,立高食品,综合,创业板
300975,商络电子,综合,创业板
300977,深圳瑞捷,综合,创业板
300980,祥源新材,综合,创业板
300981,中红医疗,综合,创业板
300982,苏文电能,综合,创业板
300983,尤安设计,综合,创业板
300984,金沃股份,综合,创业板
300985,致远新能,综合,创业板
300986,志特新材,综合,创业板
300989,蕾奥规划,综合,创业板
300990,同飞股份,综合,创业板
300991,创益通,综合,创业板
300992,泰福泵业,综合,创业板
300995,奇德新材,综合,创业板
300997,欢乐家,综合,创业板
300998,宁波方正,综合,创业板
301001,凯淳股份,综合,创业板
301002,崧盛股份,综合,创业板
301003,江苏博云,综合,创业板
301004,嘉益股份,综合,创业板
301005,超捷股份,综合,创业板
301008,宏昌科技,综合,创业板
301010,晶雪节能,综合,创业板
301012,扬电科技,综合,创业板
301013,利和兴,综合,创业板
301017,漱玉平民,综合,创业板
301018,申菱环境,综合,创业板
301021,英诺激光,综合,创业板
301022,海泰科,综合,创业板
301024,霍普股份,综合,创业板
301025,读客文化,综合,创业板
301027,华蓝集团,综合,创业板
301030,仕净科技,综合,创业板
301031,中熔电气,综合,创业板
301032,新柴股份,综合,创业板
301033,迈普医学,综合,创业板
301035,润丰股份,综合,创业板
301036,双乐股份,综合,创业板
301037,保立佳,综合,创业板
301038,深水规院,综合,创业板
301039,中集车辆,综合,创业板
301040,中环海陆,综合,创业板
301041,金百泽,综合,创业板
301042,安联锐视,综合,创业板
301046,能辉科技,综合,创业板
301047,义翘神州,综合,创业板
301049,超越科技,综合,创业板
301050,雷电微力,综合,创业板
301051,信濠光电,综合,创业板
301052,果麦文化,综合,创业板
301053,远信工业,综合,创业板
301055,张小泉,综合,创业板
301059,金三江,综合,创业板
301060,兰卫医学,综合,创业板
301061,匠心家居,综合,创业板
301062,上海艾录,综合,创业板
301063,海锅股份,综合,创业板
301066,万事利,综合,创业板
301067,显盈科技,综合,创业板
301068,大地海洋,综合,创业板
301069,凯盛新材,综合,创业板
301070,开勒股份,综合,创业板
301072,中捷精工,综合,创业板
301075,多瑞医药,综合,创业板
301077,星华新材,综合,创业板
301078,孩子王,综合,创业板
301080,百普赛斯,综合,创业板
301081,严牌股份,综合,创业板
301082,久盛电气,综合,创业板
301085,亚康股份,综合,创业板
301086,鸿富瀚,综合,创业板
301089,拓新药业,综合,创业板
301090,华润材料,综合,创业板
301093,华兰股份,综合,创业板
301096,百诚医药,综合,创业板
301097,天益医疗,综合,创业板
301098,金埔园林,综合,创业板
301099,雅创电子,综合,创业板
301100,风光股份,综合,创业板
301102,兆讯传媒,综合,创业板
301103,何氏眼科,综合,创业板
301105,鸿铭股份,综合,创业板
301107,瑜欣电子,综合,创业板
301108,洁雅股份,综合,创业板
301110,青木科技,综合,创业板
301111,粤万年青,综合,创业板
301112,信邦智能,综合,创业板
301113,雅艺科技,综合,创业板
301115,联检科技,综合,创业板
301116,益客食品,综合,创业板
301117,佳缘科技,综合,创业板
301118,恒光股份,综合,创业板
301120,新特电气,综合,创业板
301121,紫建电子,综合,创业板
301122,采纳股份,综合,创业板
301123,奕东电子,综合,创业板
301125,腾亚精工,综合,创业板
301126,达嘉维康,综合,创业板
301127,武汉天源,综合,创业板
301128,强瑞技术,综合,创业板
301132,满坤科技,综合,创业板
301133,金钟股份,综合,创业板
301136,招标股份,综合,创业板
301139,元道通信,综合,创业板
301141,中科磁业,综合,创业板
301150,中一科技,综合,创业板
301152,天力锂能,综合,创业板
301155,海力风电,综合,创业板
301158,德石股份,综合,创业板
301159,三维天地,综合,创业板
301161,唯万密封,综合,创业板
301163,宏德股份,综合,创业板
301165,锐捷网络,综合,创业板
301166,优宁维,综合,创业板
301167,建研设计,综合,创业板
301168,通灵股份,综合,创业板
301169,零点有数,综合,创业板
301173,毓恬冠佳,综合,创业板
301176,逸豪新材,综合,创业板
301177,迪阿股份,综合,创业板
301178,天亿马,综合,创业板
301180,万祥科技,综合,创业板
301182,凯旺科技,综合,创业板
301183,东田微,综合,创业板
301187,欧圣电气,综合,创业板
301189,奥尼电子,综合,创业板
301193,家联科技,综合,创业板
301198,喜悦智行,综合,创业板
301199,迈赫股份,综合,创业板
301200,大族数控,综合,创业板
301201,诚达药业,综合,创业板
301205,联特科技,综合,创业板
301210,金杨精密,综合,创业板
301211,亨迪药业,综合,创业板
301213,观想科技,综合,创业板
301216,万凯新材,综合,创业板
301217,铜冠铜箔,综合,创业板
301218,华是科技,综合,创业板
301219,腾远钴业,综合,创业板
301220,亚香股份,综合,创业板
301221,光庭信息,综合,创业板
301227,森鹰窗业,综合,创业板
301228,实朴检测,综合,创业板
301230,泓博医药,综合,创业板
301231,荣信文化,综合,创业板
301232,飞沃科技,综合,创业板
301234,五洲医疗,综合,创业板
301235,华康洁净,综合,创业板
301236,软通动力,综合,创业板
301237,和顺科技,综合,创业板
301238,瑞泰新材,综合,创业板
301239,普瑞眼科,综合,创业板
301246,宏源药业,综合,创业板
301248,杰创智能,综合,创业板
301251,威尔高,综合,创业板
301258,富士莱,综合,创业板
301259,艾布鲁,综合,创业板
301260,格力博,综合,创业板
301263,泰恩康,综合,创业板
301268,铭利达,综合,创业板
301270,汉仪股份,综合,创业板
301272,英华特,综合,创业板
301273,瑞晨环保,综合,创业板
301275,汉朔科技,综合,创业板
301278,快可电子,综合,创业板
301279,金道科技,综合,创业板
301281,科源制药,综合,创业板
301282,金禄电子,综合,创业板
301283,聚胶股份,综合,创业板
301285,鸿日达,综合,创业板
301286,侨源股份,综合,创业板
301288,*ST清研,综合,创业板
301290,东星医疗,综合,创业板
301292,海科新源,综合,创业板
301296,新巨丰,综合,创业板
301297,富乐德,综合,创业板
301299,卓创资讯,综合,创业板
301300,远翔新材,综合,创业板
301302,华如科技,综合,创业板
301306,西测测试,综合,创业板
301307,美利信,综合,创业板
301308,江波龙,综合,创业板
301311,昆船智能,综合,创业板
301313,凡拓数创,综合,创业板
301317,鑫磊股份,综合,创业板
301320,豪江智能,综合,创业板
301321,翰博高新,综合,创业板
301322,绿通科技,综合,创业板
301325,曼恩斯特,综合,创业板
301326,捷邦科技,综合,创业板
301327,华宝新能,综合,创业板
301331,恩威医药,综合,创业板
301337,亚华电子,综合,创业板
301338,凯格精机,综合,创业板
301345,涛涛车业,综合,创业板
301348,蓝箭电子,综合,创业板
301349,信德新材,综合,创业板
301355,南王科技,综合,创业板
301356,天振股份,综合,创业板
301357,北方长龙,综合,创业板
301358,湖南裕能,综合,创业板
301365,矩阵股份,综合,创业板
301366,一博科技,综合,创业板
301367,瑞迈特,综合,创业板
301368,丰立智能,综合,创业板
301369,联动科技,综合,创业板
301372,科净源,综合,创业板
301377,鼎泰高科,综合,创业板
301378,通达海,综合,创业板
301382,蜂助手,综合,创业板
301383,天键股份,综合,创业板
301387,光大同创,综合,创业板
301390,经纬股份,综合,创业板
301392,汇成真空,综合,创业板
301396,宏景科技,综合,创业板
301418,协昌科技,综合,创业板
301428,世纪恒通,综合,创业板
301448,开创电气,综合,创业板
301449,天溯计量,综合,创业板
301479,弘景光电,综合,创业板
301486,致尚科技,综合,创业板
301487,盟固利,综合,创业板
301491,汉桑科技,综合,创业板
301500,飞南资源,综合,创业板
301501,恒鑫生活,综合,创业板
301509,金凯生科,综合,创业板
301511,德福科技,综合,创业板
301515,港通医疗,综合,创业板
301516,中远通,综合,创业板
301517,陕西华达,综合,创业板
301518,长华化学,综合,创业板
301519,舜禹股份,综合,创业板
301520,万邦医药,综合,创业板
301526,国际复材,综合,创业板
301529,福赛科技,综合,创业板
301533,威马农机,综合,创业板
301535,浙江华远,综合,创业板
301555,惠柏新材,综合,创业板
301557,常友科技,综合,创业板
301558,三态股份,综合,创业板
301559,中集环科,综合,创业板
301560,众捷汽车,综合,创业板
301563,云汉芯城,综合,创业板
301567,贝隆精密,综合,创业板
301575,艾芬达,综合,创业板
301577,美信科技,综合,创业板
301581,黄山谷捷,综合,创业板
301584,建发致新,综合,创业板
301590,优优绿能,综合,创业板
301592,六九一二,综合,创业板
301595,太力科技,综合,创业板
301603,乔锋智能,综合,创业板
301606,绿联科技,综合,创业板
301607,富特科技,综合,创业板
301609,山大电力,综合,创业板
301611,珂玛科技,综合,创业板
301616,浙江华业,综合,创业板
301629,矽电股份,综合,创业板
301630,同宇新材,综合,创业板
301632,广东建科,综合,创业板
301636,泽润新能,综合,创业板
301638,南网数字,综合,创业板
301656,联合动力,综合,创业板
301658,首航新能,综合,创业板
301662,宏工科技,综合,创业板
301665,泰禾股份,综合,创业板
301667,纳百川,综合,创业板
301668,昊创瑞通,综合,创业板
301678,新恒汇,综合,创业板
301680,固德电材,综合,创业板
301682,宏明电子,综合,创业板
301687,新广益,综合,创业板
302132,中航成飞,综合,创业板
600004,白云机场,综合,主板
600006,东风股份,综合,主板
600008,首创环保,综合,主板
600009,上海机场,综合,主板
600016,民生银行,综合,主板
600018,上港集团,综合,主板
600020,中原高速,综合,主板
600021,上海电力,综合,主板
600022,山东钢铁,综合,主板
600025,华能水电,综合,主板
600028,中国石化,综合,主板
600029,南方航空,综合,主板
600030,中信证券,综合,主板
600037,歌华有线,综合,主板
600048,保利发展,综合,主板
600052,东望时代,综合,主板
600053,九鼎投资,综合,主板
600055,万东医疗,综合,主板
600056,中国医药,综合,主板
600058,五矿发展,综合,主板
600063,皖维高新,综合,主板
600067,冠城新材,综合,主板
600071,凤凰光学,综合,主板
600072,中船科技,综合,主板
600073,光明肉业,综合,主板
600075,新疆天业,综合,主板
600076,康欣新材,综合,主板
600078,澄星股份,综合,主板
600080,金花股份,综合,主板
600081,东风科技,综合,主板
600082,海泰发展,综合,主板
600084,中信尼雅,综合,主板
600088,中视传媒,综合,主板
600094,大名城,综合,主板
600095,湘财股份,综合,主板
600097,开创国际,综合,主板
600100,同方股份,综合,主板
600104,上汽集团,综合,主板
600105,永鼎股份,综合,主板
600107,ST尔雅,综合,主板
600109,国金证券,综合,主板
600110,诺德股份,综合,主板
600111,北方稀土,综合,主板
600115,中国东航,综合,主板
600116,三峡水利,综合,主板
600117,西宁特钢,综合,主板
600118,中国卫星,综合,主板
600119,长江投资,综合,主板
600120,浙江东方,综合,主板
600121,郑州煤电,综合,主板
600123,兰花科创,综合,主板
600126,杭钢股份,综合,主板
600127,金健米业,综合,主板
600129,太极集团,综合,主板
600130,*ST波导,综合,主板
600135,乐凯胶片,综合,主板
600136,ST明诚,综合,主板
600143,金发科技,综合,主板
600148,长春一东,综合,主板
600149,廊坊发展,综合,主板
600150,中国船舶,综合,主板
600151,航天机电,综合,主板
600152,维科技术,综合,主板
600153,建发股份,综合,主板
600155,华创云信,综合,主板
600156,华升股份,综合,主板
600157,永泰能源,综合,主板
600158,中体产业,综合,主板
600159,大龙地产,综合,主板
600160,巨化股份,综合,主板
600162,香江控股,综合,主板
600165,ST宁科,综合,主板
600166,福田汽车,综合,主板
600170,上海建工,综合,主板
600171,上海贝岭,综合,主板
600172,黄河旋风,综合,主板
600173,卧龙新能,综合,主板
600176,中国巨石,综合,主板
600178,东安动力,综合,主板
600179,安通控股,综合,主板
600180,瑞茂通,综合,主板
600183,生益科技,综合,主板
600184,光电股份,综合,主板
600185,珠免集团,综合,主板
600186,莲花控股,综合,主板
600187,国中水务,综合,主板
600188,兖矿能源,综合,主板
600189,泉阳泉,综合,主板
600191,华资实业,综合,主板
600192,长城电工,综合,主板
600193,*ST创兴,综合,主板
600195,中牧股份,综合,主板
600198,大唐电信,综合,主板
600199,金种子酒,综合,主板
600201,生物股份,综合,主板
600202,哈空调,综合,主板
600203,福日电子,综合,主板
600206,有研新材,综合,主板
600207,安彩高科,综合,主板
600208,衢州发展,综合,主板
600210,紫江企业,综合,主板
600215,派斯林,综合,主板
600216,浙江医药,综合,主板
600217,中再资环,综合,主板
600221,海航控股,综合,主板
600227,赤天化,综合,主板
600228,*ST返利,综合,主板
600229,城市传媒,综合,主板
600231,凌钢股份,综合,主板
600232,金鹰股份,综合,主板
600234,科新发展,综合,主板
600235,民丰特纸,综合,主板
600238,*ST椰岛,综合,主板
600239,云南城投,综合,主板
600241,时代万恒,综合,主板
600243,*ST海华,综合,主板
600246,万通发展,综合,主板
600248,陕建股份,综合,主板
600249,两面针,综合,主板
600250,南京商旅,综合,主板
600251,冠农股份,综合,主板
600252,中恒集团,综合,主板
600255,鑫科材料,综合,主板
600256,广汇能源,综合,主板
600257,大湖股份,综合,主板
600259,中稀有色,综合,主板
600262,北方股份,综合,主板
600265,ST景谷,综合,主板
600266,城建发展,综合,主板
600267,海正药业,综合,主板
600268,国电南自,综合,主板
600271,航天信息,综合,主板
600272,开开实业,综合,主板
600279,重庆港,综合,主板
600280,中央商场,综合,主板
600281,华阳新材,综合,主板
600288,大恒科技,综合,主板
600289,ST信通,综合,主板
600292,电投水电,综合,主板
600293,三峡新材,综合,主板
600299,安迪苏,综合,主板
600300,维维股份,综合,主板
600301,华锡有色,综合,主板
600302,标准股份,综合,主板
600303,曙光股份,综合,主板
600307,酒钢宏兴,综合,主板
600308,华泰股份,综合,主板
600310,广西能源,综合,主板
600313,农发种业,综合,主板
600315,上海家化,综合,主板
600319,亚星化学,综合,主板
600322,津投城开,综合,主板
600323,瀚蓝环境,综合,主板
600325,华发股份,综合,主板
600326,西藏天路,综合,主板
600327,大东方,综合,主板
600328,中盐化工,综合,主板
600329,达仁堂,综合,主板
600330,天通股份,综合,主板
600331,宏达股份,综合,主板
600333,长春燃气,综合,主板
600336,澳柯玛,综合,主板
600337,美克家居,综合,主板
600338,西藏珠峰,综合,主板
600340,华夏幸福,综合,主板
600343,航天动力,综合,主板
600345,长江通信,综合,主板
600346,恒力石化,综合,主板
600353,旭光电子,综合,主板
600354,敦煌种业,综合,主板
600355,*ST精伦,综合,主板
600356,恒丰纸业,综合,主板
600358,ST联合,综合,主板
600359,新农开发,综合,主板
600360,*ST华微,综合,主板
600363,联创光电,综合,主板
600365,ST通葡,综合,主板
600366,宁波韵升,综合,主板
600367,红星发展,综合,主板
600369,西南证券,综合,主板
600370,三房巷,综合,主板
600371,万向德农,综合,主板
600373,中文传媒,综合,主板
600375,汉马科技,综合,主板
600376,首开股份,综合,主板
600378,昊华科技,综合,主板
600379,宝光股份,综合,主板
600381,*ST春天,综合,主板
600382,广东明珠,综合,主板
600383,金地集团,综合,主板
600386,北巴传媒,综合,主板
600388,龙净环保,综合,主板
600389,江山股份,综合,主板
600392,盛和资源,综合,主板
600395,盘江股份,综合,主板
600396,华电辽能,综合,主板
600397,江钨装备,综合,主板
600399,抚顺特钢,综合,主板
600400,红豆股份,综合,主板
600403,大有能源,综合,主板
600405,动力源,综合,主板
600408,安泰集团,综合,主板
600409,三友化工,综合,主板
600410,华胜天成,综合,主板
600415,小商品城,综合,主板
600418,江淮汽车,综合,主板
600419,天润乳业,综合,主板
600421,*ST华嵘,综合,主板
600423,柳化股份,综合,主板
600428,中远海特,综合,主板
600429,三元股份,综合,主板
600433,冠豪高新,综合,主板
600435,北方导航,综合,主板
600438,通威股份,综合,主板
600439,瑞贝卡,综合,主板
600446,金证股份,综合,主板
600448,华纺股份,综合,主板
600449,宁夏建材,综合,主板
600460,士兰微,综合,主板
600463,空港股份,综合,主板
600468,百利电气,综合,主板
600469,风神股份,综合,主板
600470,六国化工,综合,主板
600476,湘邮科技,综合,主板
600478,科力远,综合,主板
600481,双良节能,综合,主板
600482,中国动力,综合,主板
600483,福能股份,综合,主板
600488,津药药业,综合,主板
600489,中金黄金,综合,主板
600490,鹏欣资源,综合,主板
600491,龙元建设,综合,主板
600493,凤竹纺织,综合,主板
600495,晋西车轴,综合,主板
600499,科达制造,综合,主板
600500,中化国际,综合,主板
600501,航天晨光,综合,主板
600503,华丽家族,综合,主板
600505,西昌电力,综合,主板
600506,统一股份,综合,主板
600507,方大特钢,综合,主板
600508,上海能源,综合,主板
600513,联环药业,综合,主板
600516,方大炭素,综合,主板
600517,国网英大,综合,主板
600520,三佳科技,综合,主板
600521,华海药业,综合,主板
600525,ST长园,综合,主板
600530,交大昂立,综合,主板
600533,栖霞建设,综合,主板
600536,中国软件,综合,主板
600537,亿晶光电,综合,主板
600538,国发股份,综合,主板
600539,狮头股份,综合,主板
600540,新赛股份,综合,主板
600543,莫高股份,综合,主板
600545,卓郎智能,综合,主板
600547,山东黄金,综合,主板
600548,深高速,综合,主板
600550,保变电气,综合,主板
600552,凯盛科技,综合,主板
600558,大西洋,综合,主板
600561,江西长运,综合,主板
600567,山鹰国际,综合,主板
600568,ST中珠,综合,主板
600569,安阳钢铁,综合,主板
600570,恒生电子,综合,主板
600571,信雅达,综合,主板
600575,淮河能源,综合,主板
600576,祥源文旅,综合,主板
600578,京能电力,综合,主板
600579,中化装备,综合,主板
600580,卧龙电驱,综合,主板
600581,八一钢铁,综合,主板
600582,天地科技,综合,主板
600584,长电科技,综合,主板
600585,海螺水泥,综合,主板
600586,金晶科技,综合,主板
600588,用友网络,综合,主板
600589,大位科技,综合,主板
600590,泰豪科技,综合,主板
600593,大连圣亚,综合,主板
600594,益佰制药,综合,主板
600595,中孚实业,综合,主板
600596,新安股份,综合,主板
600597,光明乳业,综合,主板
600599,*ST熊猫,综合,主板
600601,方正科技,综合,主板
600604,市北高新,综合,主板
600605,汇通能源,综合,主板
600606,绿地控股,综合,主板
600608,*ST沪科,综合,主板
600609,金杯汽车,综合,主板
600610,中毅达,综合,主板
600611,大众交通,综合,主板
600615,鑫源智造,综合,主板
600616,金枫酒业,综合,主板
600617,国新能源,综合,主板
600619,海立股份,综合,主板
600620,天宸股份,综合,主板
600621,华鑫股份,综合,主板
600622,光大嘉宝,综合,主板
600624,ST复华,综合,主板
600626,申达股份,综合,主板
600629,华建集团,综合,主板
600633,浙数文化,综合,主板
600635,大众公用,综合,主板
600636,*ST国化,综合,主板
600638,新黄浦,综合,主板
600641,先导基电,综合,主板
600643,爱建集团,综合,主板
600649,城投控股,综合,主板
600653,申华控股,综合,主板
600655,豫园股份,综合,主板
600657,信达地产,综合,主板
600658,电子城,综合,主板
600661,昂立教育,综合,主板
600662,外服控股,综合,主板
600665,天地源,综合,主板
600666,奥瑞德,综合,主板
600668,尖峰集团,综合,主板
600671,天目药业,综合,主板
600673,东阳光,综合,主板
600675,中华企业,综合,主板
600676,交运股份,综合,主板
600678,四川金顶,综合,主板
600679,上海凤凰,综合,主板
600682,南京新百,综合,主板
600683,京投发展,综合,主板
600684,珠江股份,综合,主板
600685,中船防务,综合,主板
600686,金龙汽车,综合,主板
600688,上海石化,综合,主板
600691,潞化科技,综合,主板
600692,亚通股份,综合,主板
600696,*ST岩石,综合,主板
600697,欧亚集团,综合,主板
600698,湖南天雁,综合,主板
600699,均胜电子,综合,主板
600702,舍得酒业,综合,主板
600703,三安光电,综合,主板
600706,曲江文旅,综合,主板
600707,彩虹股份,综合,主板
600708,光明地产,综合,主板
600711,盛屯矿业,综合,主板
600712,南宁百货,综合,主板
600714,金瑞矿业,综合,主板
600715,文投控股,综合,主板
600716,凤凰股份,综合,主板
600718,东软集团,综合,主板
600719,大连热电,综合,主板
600725,云维股份,综合,主板
600726,华电能源,综合,主板
600727,鲁北化工,综合,主板
600728,佳都科技,综合,主板
600730,中国高科,综合,主板
600732,爱旭股份,综合,主板
600733,北汽蓝谷,综合,主板
600734,实达集团,综合,主板
600735,ST新华锦,综合,主板
600737,中粮糖业,综合,主板
600738,丽尚国潮,综合,主板
600739,辽宁成大,综合,主板
600740,山西焦化,综合,主板
600743,华远控股,综合,主板
600744,华银电力,综合,主板
600745,闻泰科技,综合,主板
600746,江苏索普,综合,主板
600748,上实发展,综合,主板
600749,西藏旅游,综合,主板
600753,*ST海钦,综合,主板
600754,锦江酒店,综合,主板
600755,厦门国贸,综合,主板
600756,浪潮软件,综合,主板
600758,辽宁能源,综合,主板
600759,洲际油气,综合,主板
600760,中航沈飞,综合,主板
600764,中国海防,综合,主板
600765,中航重机,综合,主板
600768,宁波富邦,综合,主板
600770,综艺股份,综合,主板
600773,西藏城投,综合,主板
600774,汉商集团,综合,主板
600775,南京熊猫,综合,主板
600776,东方通信,综合,主板
600777,*ST新潮,综合,主板
600778,友好集团,综合,主板
600779,水井坊,综合,主板
600782,新钢股份,综合,主板
600789,鲁抗医药,综合,主板
600790,轻纺城,综合,主板
600791,京能置业,综合,主板
600792,云煤能源,综合,主板
600793,宜宾纸业,综合,主板
600794,保税科技,综合,主板
600795,国电电力,综合,主板
600797,浙大网新,综合,主板
600798,宁波海运,综合,主板
600800,渤海化学,综合,主板
600801,华新建材,综合,主板
600802,福建水泥,综合,主板
600807,济高发展,综合,主板
600808,马钢股份,综合,主板
600810,神马股份,综合,主板
600812,华北制药,综合,主板
600815,厦工股份,综合,主板
600818,中路股份,综合,主板
600819,耀皮玻璃,综合,主板
600821,金开新能,综合,主板
600827,百联股份,综合,主板
600828,茂业商业,综合,主板
600830,香溢融通,综合,主板
600831,广电网络,综合,主板
600833,第一医药,综合,主板
600834,申通地铁,综合,主板
600839,四川长虹,综合,主板
600841,动力新科,综合,主板
600843,上工申贝,综合,主板
600844,金煤科技,综合,主板
600847,万里股份,综合,主板
600855,航天长峰,综合,主板
600857,宁波中百,综合,主板
600859,王府井,综合,主板
600860,京城股份,综合,主板
600861,北京人力,综合,主板
600864,哈投股份,综合,主板
600865,百大集团,综合,主板
600866,星湖科技,综合,主板
600867,通化东宝,综合,主板
600868,梅雁吉祥,综合,主板
600869,远东股份,综合,主板
600872,中炬高新,综合,主板
600875,东方电气,综合,主板
600876,凯盛新能,综合,主板
600877,电科芯片,综合,主板
600879,航天电子,综合,主板
600881,亚泰集团,综合,主板
600882,妙可蓝多,综合,主板
600883,博闻科技,综合,主板
600884,杉杉股份,综合,主板
600889,南京化纤,综合,主板
600892,*ST大晟,综合,主板
600893,航发动力,综合,主板
600895,张江高科,综合,主板
600906,财达证券,综合,主板
600909,华安证券,综合,主板
600916,中国黄金,综合,主板
600918,中泰证券,综合,主板
600925,苏能股份,综合,主板
600929,雪天盐业,综合,主板
600930,华电新能,综合,主板
600935,华塑股份,综合,主板
600936,北投科技,综合,主板
600939,重庆建工,综合,主板
600955,维远股份,综合,主板
600958,东方证券,综合,主板
600960,渤海汽车,综合,主板
600961,株冶集团,综合,主板
600962,国投中鲁,综合,主板
600963,岳阳林纸,综合,主板
600969,郴电国际,综合,主板
600971,恒源煤电,综合,主板
600973,宝胜股份,综合,主板
600975,新五丰,综合,主板
600977,中国电影,综合,主板
600979,广安爱众,综合,主板
600981,苏豪汇鸿,综合,主板
600983,惠而浦,综合,主板
600984,建设机械,综合,主板
600985,淮北矿业,综合,主板
600986,浙文互联,综合,主板
600988,赤峰黄金,综合,主板
600989,宝丰能源,综合,主板
600990,四创电子,综合,主板
600992,贵绳股份,综合,主板
600995,南网储能,综合,主板
600996,贵广网络,综合,主板
600997,开滦股份,综合,主板
601002,晋亿实业,综合,主板
601003,柳钢股份,综合,主板
601005,重庆钢铁,综合,主板
601007,金陵饭店,综合,主板
601010,文峰股份,综合,主板
601011,宝泰隆,综合,主板
601012,隆基绿能,综合,主板
601015,陕西黑猫,综合,主板
601016,节能风电,综合,主板
601018,宁波港,综合,主板
601020,华钰矿业,综合,主板
601026,道生天合,综合,主板
601058,赛轮轮胎,综合,主板
601059,信达证券,综合,主板
601066,中信建投,综合,主板
601068,中铝国际,综合,主板
601069,西部黄金,综合,主板
601083,锦江航运,综合,主板
601088,中国神华,综合,主板
601096,宏盛华源,综合,主板
601099,太平洋,综合,主板
601101,昊华能源,综合,主板
601106,中国一重,综合,主板
601111,中国国航,综合,主板
601112,振石股份,综合,主板
601113,华鼎股份,综合,主板
601118,海南橡胶,综合,主板
601127,赛力斯,综合,主板
601137,博威合金,综合,主板
601138,工业富联,综合,主板
601156,东航物流,综合,主板
601162,天风证券,综合,主板
601177,杭齿前进,综合,主板
601208,东材科技,综合,主板
601211,国泰海通,综合,主板
601212,白银有色,综合,主板
601218,吉鑫科技,综合,主板
601222,林洋能源,综合,主板
601233,桐昆股份,综合,主板
601236,红塔证券,综合,主板
601238,广汽集团,综合,主板
601279,英利汽车,综合,主板
601311,骆驼股份,综合,主板
601319,中国人保,综合,主板
601336,新华保险,综合,主板
601339,百隆东方,综合,主板
601360,三六零,综合,主板
601366,利群股份,综合,主板
601368,绿城水务,综合,主板
601375,中原证券,综合,主板
601388,怡球资源,综合,主板
601456,国联民生,综合,主板
601500,通用股份,综合,主板
601512,中新集团,综合,主板
601515,衢州东峰,综合,主板
601519,大智慧,综合,主板
601555,东吴证券,综合,主板
601566,九牧王,综合,主板
601568,北元集团,综合,主板
601588,北辰实业,综合,主板
601600,中国铝业,综合,主板
601601,中国太保,综合,主板
601606,长城军工,综合,主板
601607,上海医药,综合,主板
601609,金田股份,综合,主板
601615,明阳智能,综合,主板
601616,广电电气,综合,主板
601618,中国中冶,综合,主板
601628,中国人寿,综合,主板
601636,旗滨集团,综合,主板
601666,平煤股份,综合,主板
601677,明泰铝业,综合,主板
601686,友发集团,综合,主板
601688,华泰证券,综合,主板
601689,拓普集团,综合,主板
601698,中国卫通,综合,主板
601699,潞安环能,综合,主板
601700,风范股份,综合,主板
601718,际华集团,综合,主板
601727,上海电气,综合,主板
601766,中国中车,综合,主板
601798,蓝科高新,综合,主板
601816,京沪高铁,综合,主板
601828,美凯龙,综合,主板
601865,福莱特,综合,主板
601866,中远海发,综合,主板
601872,招商轮船,综合,主板
601881,中国银河,综合,主板
601899,紫金矿业,综合,主板
601900,南方传媒,综合,主板
601901,方正证券,综合,主板
601908,京运通,综合,主板
601919,中远海控,综合,主板
601929,吉视传媒,综合,主板
601933,永辉超市,综合,主板
601975,招商南油,综合,主板
601991,大唐发电,综合,主板
601992,金隅集团,综合,主板
601995,中金公司,综合,主板
601996,丰林集团,综合,主板
603000,人民网,综合,主板
603001,奥康国际,综合,主板
603005,晶方科技,综合,主板
603007,*ST花王,综合,主板
603009,北特科技,综合,主板
603010,万盛股份,综合,主板
603011,合锻智能,综合,主板
603012,创力集团,综合,主板
603014,威高血净,综合,主板
603020,爱普股份,综合,主板
603021,ST华鹏,综合,主板
603023,威帝股份,综合,主板
603025,大豪科技,综合,主板
603026,石大胜华,综合,主板
603028,赛福天,综合,主板
603029,天鹅股份,综合,主板
603030,全筑股份,综合,主板
603031,安孚科技,综合,主板
603032,德新科技,综合,主板
603033,三维股份,综合,主板
603038,华立股份,综合,主板
603042,华脉科技,综合,主板
603045,福达合金,综合,主板
603049,中策橡胶,综合,主板
603051,鹿山新材,综合,主板
603052,可川科技,综合,主板
603055,台华新材,综合,主板
603056,德邦股份,综合,主板
603058,永吉股份,综合,主板
603059,倍加洁,综合,主板
603060,国检集团,综合,主板
603061,金海通,综合,主板
603063,禾望电气,综合,主板
603065,宿迁联盛,综合,主板
603066,音飞储存,综合,主板
603068,博通集成,综合,主板
603069,海汽集团,综合,主板
603077,和邦生物,综合,主板
603079,圣达生物,综合,主板
603081,大丰实业,综合,主板
603083,剑桥科技,综合,主板
603085,天成自控,综合,主板
603086,先达股份,综合,主板
603087,甘李药业,综合,主板
603089,正裕工业,综合,主板
603090,宏盛股份,综合,主板
603092,德力佳,综合,主板
603095,越剑智能,综合,主板
603099,长白山,综合,主板
603101,汇嘉时代,综合,主板
603103,横店影视,综合,主板
603106,恒银科技,综合,主板
603108,润达医疗,综合,主板
603109,神驰机电,综合,主板
603110,东方材料,综合,主板
603113,金能科技,综合,主板
603116,红蜻蜓,综合,主板
603117,万林物流,综合,主板
603118,共进股份,综合,主板
603120,肯特催化,综合,主板
603121,华培动力,综合,主板
603122,合富中国,综合,主板
603123,翠微股份,综合,主板
603124,江南新材,综合,主板
603126,中材节能,综合,主板
603127,昭衍新药,综合,主板
603129,春风动力,综合,主板
603131,上海沪工,综合,主板
603135,中重科技,综合,主板
603137,恒尚节能,综合,主板
603138,海量数据,综合,主板
603139,康惠股份,综合,主板
603151,邦基科技,综合,主板
603158,腾龙股份,综合,主板
603159,上海亚虹,综合,主板
603160,汇顶科技,综合,主板
603162,海通发展,综合,主板
603166,福达股份,综合,主板
603168,莎普爱思,综合,主板
603169,兰石重装,综合,主板
603172,万丰股份,综合,主板
603173,福斯达,综合,主板
603175,超颖电子,综合,主板
603177,德创环保,综合,主板
603178,圣龙股份,综合,主板
603180,金牌家居,综合,主板
603183,建研院,综合,主板
603185,弘元绿能,综合,主板
603186,华正新材,综合,主板
603188,亚邦股份,综合,主板
603189,网达软件,综合,主板
603191,望变电气,综合,主板
603192,汇得科技,综合,主板
603193,润本股份,综合,主板
603196,日播时尚,综合,主板
603199,九华旅游,综合,主板
603200,上海洗霸,综合,主板
603202,天有为,综合,主板
603208,江山欧派,综合,主板
603209,兴通股份,综合,主板
603210,泰鸿万立,综合,主板
603212,赛伍技术,综合,主板
603213,镇洋发展,综合,主板
603220,中贝通信,综合,主板
603221,爱丽家居,综合,主板
603222,济民健康,综合,主板
603223,恒通股份,综合,主板
603226,菲林格尔,综合,主板
603230,内蒙新华,综合,主板
603231,索宝蛋白,综合,主板
603232,格尔软件,综合,主板
603236,移远通信,综合,主板
603248,锡华科技,综合,主板
603255,鼎际得,综合,主板
603256,宏和科技,综合,主板
603257,中国瑞林,综合,主板
603258,电魂网络,综合,主板
603259,药明康德,综合,主板
603260,合盛硅业,综合,主板
603261,*ST立航,综合,主板
603262,技源集团,综合,主板
603267,鸿远电子,综合,主板
603268,*ST松发,综合,主板
603270,金帝股份,综合,主板
603271,永杰新材,综合,主板
603272,联翔股份,综合,主板
603276,恒兴新材,综合,主板
603278,大业股份,综合,主板
603284,林平发展,综合,主板
603286,日盈电子,综合,主板
603291,联合水务,综合,主板
603296,华勤技术,综合,主板
603298,杭叉集团,综合,主板
603301,振德医疗,综合,主板
603309,维力医疗,综合,主板
603310,巍华新材,综合,主板
603311,金海高科,综合,主板
603312,西典新能,综合,主板
603313,梦百合,综合,主板
603315,福鞍股份,综合,主板
603316,诚邦股份,综合,主板
603318,水发燃气,综合,主板
603321,梅轮电梯,综合,主板
603322,超讯通信,综合,主板
603324,盛剑科技,综合,主板
603325,博隆技术,综合,主板
603326,我乐家居,综合,主板
603327,福蓉科技,综合,主板
603329,上海雅仕,综合,主板
603330,天洋新材,综合,主板
603331,百达精工,综合,主板
603332,苏州龙杰,综合,主板
603333,尚纬股份,综合,主板
603334,丰倍生物,综合,主板
603335,迪生力,综合,主板
603337,杰克科技,综合,主板
603348,文灿股份,综合,主板
603352,至信股份,综合,主板
603353,和顺石油,综合,主板
603356,华菱精工,综合,主板
603358,华达科技,综合,主板
603359,东珠生态,综合,主板
603363,傲农生物,综合,主板
603370,华新精科,综合,主板
603375,盛景微,综合,主板
603376,大明电子,综合,主板
603377,ST东时,综合,主板
603378,亚士创能,综合,主板
603379,三美股份,综合,主板
603381,永臻股份,综合,主板
603382,海阳科技,综合,主板
603385,惠达卫浴,综合,主板
603386,骏亚科技,综合,主板
603389,*ST亚振,综合,主板
603390,通达电气,综合,主板
603392,万泰生物,综合,主板
603398,*ST沐邦,综合,主板
603399,永杉锂业,综合,主板
603400,华之杰,综合,主板
603402,陕西旅游,综合,主板
603406,天富龙,综合,主板
603409,汇通控股,综合,主板
603418,友升股份,综合,主板
603421,鼎信通讯,综合,主板
603429,集友股份,综合,主板
603439,三力制药,综合,主板
603444,吉比特,综合,主板
603458,勘设股份,综合,主板
603466,风语筑,综合,主板
603477,巨星农牧,综合,主板
603486,科沃斯,综合,主板
603488,展鹏科技,综合,主板
603489,八方股份,综合,主板
603496,恒为科技,综合,主板
603499,翔港科技,综合,主板
603500,祥和实业,综合,主板
603501,豪威集团,综合,主板
603506,南都物业,综合,主板
603507,振江股份,综合,主板
603508,思维列控,综合,主板
603516,淳中科技,综合,主板
603517,ST绝味,综合,主板
603520,司太立,综合,主板
603527,众源新材,综合,主板
603528,多伦科技,综合,主板
603529,爱玛科技,综合,主板
603533,掌阅科技,综合,主板
603536,惠发食品,综合,主板
603538,美诺华,综合,主板
603557,ST起步,综合,主板
603559,ST通脉,综合,主板
603566,普莱柯,综合,主板
603567,珍宝岛,综合,主板
603569,长久物流,综合,主板
603578,三星新材,综合,主板
603580,*ST艾艾,综合,主板
603583,捷昌驱动,综合,主板
603585,苏利股份,综合,主板
603586,金麒麟,综合,主板
603588,高能环境,综合,主板
603589,口子窖,综合,主板
603590,康辰药业,综合,主板
603595,ST东尼,综合,主板
603598,引力传媒,综合,主板
603601,再升科技,综合,主板
603602,纵横通信,综合,主板
603608,天创时尚,综合,主板
603609,禾丰股份,综合,主板
603612,索通发展,综合,主板
603615,茶花股份,综合,主板
603616,韩建河山,综合,主板
603618,杭电股份,综合,主板
603626,科森科技,综合,主板
603628,清源股份,综合,主板
603629,利通电子,综合,主板
603630,拉芳家化,综合,主板
603633,徕木股份,综合,主板
603636,南威软件,综合,主板
603638,艾迪精密,综合,主板
603639,海利尔,综合,主板
603655,朗博科技,综合,主板
603656,泰禾智能,综合,主板
603659,璞泰来,综合,主板
603660,苏州科达,综合,主板
603662,柯力传感,综合,主板
603663,三祥新材,综合,主板
603665,康隆达,综合,主板
603666,亿嘉和,综合,主板
603668,天马科技,综合,主板
603669,灵康药业,综合,主板
603678,火炬电子,综合,主板
603679,华体科技,综合,主板
603680,今创集团,综合,主板
603681,永冠新材,综合,主板
603682,锦和商管,综合,主板
603685,晨丰科技,综合,主板
603688,石英股份,综合,主板
603690,至纯科技,综合,主板
603693,江苏新能,综合,主板
603696,安记食品,综合,主板
603697,有友食品,综合,主板
603699,纽威股份,综合,主板
603700,宁水集团,综合,主板
603701,德宏股份,综合,主板
603703,盛洋科技,综合,主板
603707,健友股份,综合,主板
603708,家家悦,综合,主板
603709,中源家居,综合,主板
603711,香飘飘,综合,主板
603712,七一二,综合,主板
603716,塞力医疗,综合,主板
603717,天域生物,综合,主板
603718,海利生物,综合,主板
603719,良品铺子,综合,主板
603721,*ST天择,综合,主板
603722,阿科力,综合,主板
603726,朗迪集团,综合,主板
603727,博迈科,综合,主板
603729,龙韵股份,综合,主板
603733,仙鹤股份,综合,主板
603737,三棵树,综合,主板
603738,泰晶科技,综合,主板
603759,海天股份,综合,主板
603766,隆鑫通用,综合,主板
603767,中马传动,综合,主板
603768,常青股份,综合,主板
603773,沃格光电,综合,主板
603776,永安行,综合,主板
603777,来伊份,综合,主板
603778,国晟科技,综合,主板
603779,威龙股份,综合,主板
603787,新日股份,综合,主板
603789,*ST星农,综合,主板
603799,华友钴业,综合,主板
603800,洪田股份,综合,主板
603801,志邦家居,综合,主板
603803,瑞斯康达,综合,主板
603806,福斯特,综合,主板
603808,歌力思,综合,主板
603809,豪能股份,综合,主板
603810,丰山集团,综合,主板
603811,诚意药业,综合,主板
603813,*ST原尚,综合,主板
603815,交建股份,综合,主板
603818,曲美家居,综合,主板
603819,神力股份,综合,主板
603822,ST嘉澳,综合,主板
603823,百合花,综合,主板
603825,ST华扬,综合,主板
603826,坤彩科技,综合,主板
603828,ST柯利达,综合,主板
603836,海程邦达,综合,主板
603838,*ST四通,综合,主板
603839,安正时尚,综合,主板
603843,*ST正平,综合,主板
603858,步长制药,综合,主板
603860,中公高科,综合,主板
603861,白云电器,综合,主板
603863,松炀资源,综合,主板
603869,ST智知,综合,主板
603876,鼎胜新材,综合,主板
603877,太平鸟,综合,主板
603879,永悦科技,综合,主板
603880,南卫股份,综合,主板
603882,金域医学,综合,主板
603886,元祖股份,综合,主板
603887,城地香江,综合,主板
603890,春秋电子,综合,主板
603893,瑞芯微,综合,主板
603895,天永智能,综合,主板
603898,好莱客,综合,主板
603900,莱绅通灵,综合,主板
603901,永创智能,综合,主板
603903,中持股份,综合,主板
603906,龙蟠科技,综合,主板
603908,牧高笛,综合,主板
603912,佳力图,综合,主板
603917,合力科技,综合,主板
603918,金桥信息,综合,主板
603920,世运电路,综合,主板
603922,金鸿顺,综合,主板
603928,兴业股份,综合,主板
603929,亚翔集成,综合,主板
603936,博敏电子,综合,主板
603937,丽岛新材,综合,主板
603950,长源东谷,综合,主板
603955,大千生态,综合,主板
603956,威派格,综合,主板
603958,哈森股份,综合,主板
603959,百利科技,综合,主板
603960,克来机电,综合,主板
603968,醋化股份,综合,主板
603969,银龙股份,综合,主板
603976,正川股份,综合,主板
603977,国泰集团,综合,主板
603978,深圳新星,综合,主板
603979,金诚信,综合,主板
603980,吉华集团,综合,主板
603982,泉峰汽车,综合,主板
603985,恒润股份,综合,主板
603986,兆易创新,综合,主板
603988,中电电机,综合,主板
603990,麦迪科技,综合,主板
603991,至正股份,综合,主板
603992,松霖科技,综合,主板
603993,洛阳钼业,综合,主板
603995,甬金股份,综合,主板
603997,继峰股份,综合,主板
605001,威奥股份,综合,主板
605006,山东玻纤,综合,主板
605008,长鸿高科,综合,主板
605016,百龙创园,综合,主板
605020,永和股份,综合,主板
605055,迎丰股份,综合,主板
605056,咸亨国际,综合,主板
605068,明新旭腾,综合,主板
605069,正和生态,综合,主板
605080,浙江自然,综合,主板
605081,*ST太和,综合,主板
605100,华丰股份,综合,主板
605117,德业股份,综合,主板
605118,力鼎光电,综合,主板
605122,四方新材,综合,主板
605128,上海沿浦,综合,主板
605136,丽人丽妆,综合,主板
605138,盛泰集团,综合,主板
605151,西上海,综合,主板
605158,华达新材,综合,主板
605166,聚合顺,综合,主板
605168,三人行,综合,主板
605177,东亚药业,综合,主板
605178,时空科技,综合,主板
605179,一鸣食品,综合,主板
605180,华生科技,综合,主板
605186,健麾信息,综合,主板
605189,富春染织,综合,主板
605198,安德利,综合,主板
605199,ST葫芦娃,综合,主板
605208,永茂泰,综合,主板
605218,伟时电子,综合,主板
605228,神通科技,综合,主板
605259,绿田机械,综合,主板
605268,王力安防,综合,主板
605277,新亚电子,综合,主板
605286,同力天启,综合,主板
605287,德才股份,综合,主板
605289,罗曼股份,综合,主板
605296,神农集团,综合,主板
605298,必得科技,综合,主板
605300,佳禾食品,综合,主板
605303,园林股份,综合,主板
605305,中际联合,综合,主板
605318,法狮龙,综合,主板
605333,沪光股份,综合,主板
605336,帅丰电器,综合,主板
605339,南侨食品,综合,主板
605358,立昂微,综合,主板
605365,立达信,综合,主板
605366,宏柏新材,综合,主板
605369,拱东医疗,综合,主板
605376,博迁新材,综合,主板
605378,野马电池,综合,主板
605388,均瑶健康,综合,主板
605398,新炬网络,综合,主板
605399,晨光新材,综合,主板
605488,福莱新材,综合,主板
605499,东鹏饮料,综合,主板
605500,森林包装,综合,主板
605555,德昌股份,综合,主板
605566,福莱蒽特,综合,主板
605567,春雪食品,综合,主板
605588,冠石科技,综合,主板
605589,圣泉集团,综合,主板
605599,菜百股份,综合,主板
688001,华兴源创,综合,科创板
688002,睿创微纳,综合,科创板
688004,博汇科技,综合,科创板
688005,容百科技,综合,科创板
688006,杭可科技,综合,科创板
688007,光峰科技,综合,科创板
688008,澜起科技,综合,科创板
688011,新光光电,综合,科创板
688012,中微公司,综合,科创板
688013,天臣医疗,综合,科创板
688015,交控科技,综合,科创板
688016,心脉医疗,综合,科创板
688017,绿的谐波,综合,科创板
688018,乐鑫科技,综合,科创板
688019,安集科技,综合,科创板
688020,方邦股份,综合,科创板
688021,奥福科技,综合,科创板
688022,瀚川智能,综合,科创板
688023,安恒信息,综合,科创板
688025,杰普特,综合,科创板
688026,洁特生物,综合,科创板
688027,国盾量子,综合,科创板
688030,山石网科,综合,科创板
688031,星环科技,综合,科创板
688032,禾迈股份,综合,科创板
688033,天宜新材,综合,科创板
688035,德邦科技,综合,科创板
688036,传音控股,综合,科创板
688037,芯源微,综合,科创板
688038,中科通达,综合,科创板
688039,当虹科技,综合,科创板
688041,海光信息,综合,科创板
688045,必易微,综合,科创板
688047,龙芯中科,综合,科创板
688048,长光华芯,综合,科创板
688049,炬芯科技,综合,科创板
688051,佳华科技,综合,科创板
688052,纳芯微,综合,科创板
688053,ST思科瑞,综合,科创板
688055,龙腾光电,综合,科创板
688056,莱伯泰科,综合,科创板
688058,宝兰德,综合,科创板
688059,华锐精密,综合,科创板
688060,云涌科技,综合,科创板
688061,灿瑞科技,综合,科创板
688062,迈威生物,综合,科创板
688063,派能科技,综合,科创板
688066,航天宏图,综合,科创板
688068,热景生物,综合,科创板
688069,德林海,综合,科创板
688070,纵横股份,综合,科创板
688071,华依科技,综合,科创板
688075,安旭生物,综合,科创板
688076,ST诺泰,综合,科创板
688077,大地熊,综合,科创板
688078,龙软科技,综合,科创板
688079,美迪凯,综合,科创板
688081,兴图新科,综合,科创板
688082,盛美上海,综合,科创板
688083,中望软件,综合,科创板
688084,晶品特装,综合,科创板
688085,三友医疗,综合,科创板
688089,嘉必优,综合,科创板
688091,上海谊众,综合,科创板
688095,福昕软件,综合,科创板
688096,京源环保,综合,科创板
688098,申联生物,综合,科创板
688103,国力电子,综合,科创板
688105,诺唯赞,综合,科创板
688107,安路科技,综合,科创板
688108,赛诺医疗,综合,科创板
688109,品茗科技,综合,科创板
688110,东芯股份,综合,科创板
688114,华大智造,综合,科创板
688115,思林杰,综合,科创板
688117,圣诺生物,综合,科创板
688119,中钢洛耐,综合,科创板
688120,华海清科,综合,科创板
688123,聚辰股份,综合,科创板
688125,安达智能,综合,科创板
688126,沪硅产业,综合,科创板
688127,蓝特光学,综合,科创板
688129,东来技术,综合,科创板
688130,晶华微,综合,科创板
688131,皓元医药,综合,科创板
688132,邦彦技术,综合,科创板
688133,泰坦科技,综合,科创板
688135,利扬芯片,综合,科创板
688136,科兴制药,综合,科创板
688137,近岸蛋白,综合,科创板
688141,杰华特,综合,科创板
688143,长盈通,综合,科创板
688148,芳源股份,综合,科创板
688151,华强科技,综合,科创板
688152,麒麟信安,综合,科创板
688153,唯捷创芯,综合,科创板
688155,先惠技术,综合,科创板
688156,路德科技,综合,科创板
688157,松井股份,综合,科创板
688158,优刻得,综合,科创板
688159,有方科技,综合,科创板
688160,步科股份,综合,科创板
688161,威高骨科,综合,科创板
688162,巨一科技,综合,科创板
688165,埃夫特,综合,科创板
688166,博瑞医药,综合,科创板
688167,炬光科技,综合,科创板
688168,安博通,综合,科创板
688170,德龙激光,综合,科创板
688172,燕东微,综合,科创板
688173,希荻微,综合,科创板
688175,高凌信息,综合,科创板
688176,亚虹医药,综合,科创板
688177,百奥泰,综合,科创板
688178,万德斯,综合,科创板
688179,阿拉丁,综合,科创板
688180,君实生物,综合,科创板
688182,灿勤科技,综合,科创板
688183,生益电子,综合,科创板
688184,ST帕瓦,综合,科创板
688185,康希诺,综合,科创板
688186,广大特材,综合,科创板
688189,南新制药,综合,科创板
688192,迪哲医药,综合,科创板
688193,仁度生物,综合,科创板
688199,久日新材,综合,科创板
688200,华峰测控,综合,科创板
688201,信安世纪,综合,科创板
688202,美迪西,综合,科创板
688203,海正生材,综合,科创板
688206,概伦电子,综合,科创板
688207,格灵深瞳,综合,科创板
688208,道通科技,综合,科创板
688209,英集芯,综合,科创板
688210,统联精密,综合,科创板
688211,中科微至,综合,科创板
688212,澳华内镜,综合,科创板
688213,思特威,综合,科创板
688215,瑞晟智能,综合,科创板
688216,气派科技,综合,科创板
688217,睿昂基因,综合,科创板
688218,江苏北人,综合,科创板
688220,翱捷科技,综合,科创板
688221,前沿生物,综合,科创板
688222,成都先导,综合,科创板
688223,晶科能源,综合,科创板
688225,亚信安全,综合,科创板
688226,威腾电气,综合,科创板
688227,品高股份,综合,科创板
688228,开普云,综合,科创板
688229,博睿数据,综合,科创板
688231,隆达股份,综合,科创板
688232,新点软件,综合,科创板
688233,神工股份,综合,科创板
688234,天岳先进,综合,科创板
688235,百济神州,综合,科创板
688236,春立医疗,综合,科创板
688237,超卓航科,综合,科创板
688238,和元生物,综合,科创板
688244,永信至诚,综合,科创板
688246,嘉和美康,综合,科创板
688247,宣泰医药,综合,科创板
688249,晶合集成,综合,科创板
688252,天德钰,综合,科创板
688253,英诺特,综合,科创板
688255,凯尔达,综合,科创板
688256,寒武纪,综合,科创板
688258,卓易信息,综合,科创板
688260,昀冢科技,综合,科创板
688262,国芯科技,综合,科创板
688265,南模生物,综合,科创板
688266,泽璟制药,综合,科创板
688270,臻镭科技,综合,科创板
688272,富吉瑞,综合,科创板
688275,万润新能,综合,科创板
688276,百克生物,综合,科创板
688277,天智航,综合,科创板
688280,精进电动,综合,科创板
688282,理工导航,综合,科创板
688286,敏芯股份,综合,科创板
688287,*ST观典,综合,科创板
688288,鸿泉技术,综合,科创板
688290,景业智能,综合,科创板
688292,浩瀚深度,综合,科创板
688293,奥浦迈,综合,科创板
688295,中复神鹰,综合,科创板
688296,和达科技,综合,科创板
688297,中无人机,综合,科创板
688298,东方生物,综合,科创板
688299,长阳科技,综合,科创板
688302,海创药业,综合,科创板
688303,大全能源,综合,科创板
688306,均普智能,综合,科创板
688307,中润光学,综合,科创板
688308,欧科亿,综合,科创板
688309,恒誉环保,综合,科创板
688310,迈得医疗,综合,科创板
688311,盟升电子,综合,科创板
688313,仕佳光子,综合,科创板
688316,青云科技,综合,科创板
688317,之江生物,综合,科创板
688320,禾川科技,综合,科创板
688321,微芯生物,综合,科创板
688322,奥比中光,综合,科创板
688323,瑞华泰,综合,科创板
688326,经纬恒润,综合,科创板
688327,云从科技,综合,科创板
688328,深科达,综合,科创板
688329,艾隆科技,综合,科创板
688330,宏力达,综合,科创板
688331,荣昌生物,综合,科创板
688332,中科蓝讯,综合,科创板
688333,铂力特,综合,科创板
688335,复洁科技,综合,科创板
688336,三生国健,综合,科创板
688339,亿华通,综合,科创板
688343,云天励飞,综合,科创板
688345,博力威,综合,科创板
688348,昱能科技,综合,科创板
688349,三一重能,综合,科创板
688350,富淼科技,综合,科创板
688351,微电生理,综合,科创板
688353,华盛锂电,综合,科创板
688355,明志科技,综合,科创板
688356,键凯科技,综合,科创板
688359,三孚新科,综合,科创板
688360,德马科技,综合,科创板
688361,中科飞测,综合,科创板
688362,甬矽电子,综合,科创板
688363,华熙生物,综合,科创板
688365,光云科技,综合,科创板
688367,工大高科,综合,科创板
688368,晶丰明源,综合,科创板
688369,致远互联,综合,科创板
688370,丛麟科技,综合,科创板
688371,菲沃泰,综合,科创板
688372,伟测科技,综合,科创板
688373,盟科药业,综合,科创板
688378,奥来德,综合,科创板
688379,华光新材,综合,科创板
688380,中微半导,综合,科创板
688381,帝奥微,综合,科创板
688382,益方生物,综合,科创板
688383,新益昌,综合,科创板
688385,复旦微电,综合,科创板
688387,信科移动,综合,科创板
688388,嘉元科技,综合,科创板
688390,固德威,综合,科创板
688391,钜泉科技,综合,科创板
688393,安必平,综合,科创板
688398,赛特新材,综合,科创板
688399,硕世生物,综合,科创板
688400,凌云光,综合,科创板
688408,中信博,综合,科创板
688409,富创精密,综合,科创板
688410,山外山,综合,科创板
688411,海博思创,综合,科创板
688416,恒烁股份,综合,科创板
688418,震有科技,综合,科创板
688420,美腾科技,综合,科创板
688426,康为世纪,综合,科创板
688428,诺诚健华,综合,科创板
688429,时创能源,综合,科创板
688435,英方软件,综合,科创板
688439,振华风光,综合,科创板
688443,智翔金泰,综合,科创板
688448,磁谷科技,综合,科创板
688449,联芸科技,综合,科创板
688450,光格科技,综合,科创板
688455,科捷智能,综合,科创板
688458,美芯晟,综合,科创板
688468,科美诊断,综合,科创板
688469,芯联集成,综合,科创板
688472,阿特斯,综合,科创板
688478,晶升股份,综合,科创板
688480,赛恩斯,综合,科创板
688484,南芯科技,综合,科创板
688485,九州一轨,综合,科创板
688488,艾迪药业,综合,科创板
688489,三未信安,综合,科创板
688496,清越科技,综合,科创板
688498,源杰科技,综合,科创板
688499,利元亨,综合,科创板
688500,慧辰股份,综合,科创板
688501,青达环保,综合,科创板
688505,复旦张江,综合,科创板
688506,百利天恒,综合,科创板
688508,芯朋微,综合,科创板
688509,正元地信,综合,科创板
688511,*ST天微,综合,科创板
688512,慧智微,综合,科创板
688515,裕太微,综合,科创板
688516,奥特维,综合,科创板
688519,南亚新材,综合,科创板
688520,神州细胞,综合,科创板
688521,芯原股份,综合,科创板
688522,纳睿雷达,综合,科创板
688523,航天环宇,综合,科创板
688525,佰维存储,综合,科创板
688528,秦川物联,综合,科创板
688529,豪森智能,综合,科创板
688530,欧莱新材,综合,科创板
688536,思瑞浦,综合,科创板
688538,和辉光电,综合,科创板
688549,中巨芯,综合,科创板
688550,瑞联新材,综合,科创板
688551,科威尔,综合,科创板
688552,航天南湖,综合,科创板
688553,汇宇制药,综合,科创板
688556,高测股份,综合,科创板
688559,海目星,综合,科创板
688560,明冠新材,综合,科创板
688561,奇安信,综合,科创板
688562,航天软件,综合,科创板
688565,力源科技,综合,科创板
688567,孚能科技,综合,科创板
688568,中科星图,综合,科创板
688570,天玛智控,综合,科创板
688573,信宇人,综合,科创板
688575,亚辉龙,综合,科创板
688577,浙海德曼,综合,科创板
688578,艾力斯,综合,科创板
688582,芯动联科,综合,科创板
688584,上海合晶,综合,科创板
688585,上纬新材,综合,科创板
688586,江航装备,综合,科创板
688589,力合微,综合,科创板
688590,新致软件,综合,科创板
688591,泰凌微,综合,科创板
688592,司南导航,综合,科创板
688593,新相微,综合,科创板
688595,芯海科技,综合,科创板
688596,正帆科技,综合,科创板
688597,煜邦电力,综合,科创板
688598,金博股份,综合,科创板
688599,天合光能,综合,科创板
688600,皖仪科技,综合,科创板
688601,力芯微,综合,科创板
688602,康鹏科技,综合,科创板
688605,先锋精科,综合,科创板
688607,康众医疗,综合,科创板
688608,恒玄科技,综合,科创板
688609,九联科技,综合,科创板
688610,埃科光电,综合,科创板
688611,杭州柯林,综合,科创板
688613,奥精医疗,综合,科创板
688615,合合信息,综合,科创板
688618,三旺通信,综合,科创板
688619,罗普特,综合,科创板
688620,安凯微,综合,科创板
688621,阳光诺和,综合,科创板
688622,禾信仪器,综合,科创板
688626,翔宇医疗,综合,科创板
688629,华丰科技,综合,科创板
688630,芯碁微装,综合,科创板
688631,莱斯信息,综合,科创板
688636,智明达,综合,科创板
688638,誉辰智能,综合,科创板
688646,ST逸飞,综合,科创板
688648,中邮科技,综合,科创板
688651,盛邦安全,综合,科创板
688652,京仪装备,综合,科创板
688653,康希通信,综合,科创板
688655,迅捷兴,综合,科创板
688658,悦康药业,综合,科创板
688659,元琛科技,综合,科创板
688660,电气风电,综合,科创板
688661,和林微纳,综合,科创板
688665,四方光电,综合,科创板
688667,菱电电控,综合,科创板
688668,鼎通科技,综合,科创板
688669,聚石化学,综合,科创板
688670,金迪克,综合,科创板
688671,碧兴物联,综合,科创板
688678,福立旺,综合,科创板
688679,通源环境,综合,科创板
688680,海优新材,综合,科创板
688681,科汇股份,综合,科创板
688682,霍莱沃,综合,科创板
688685,迈信林,综合,科创板
688687,凯因科技,综合,科创板
688690,纳微科技,综合,科创板
688691,灿芯股份,综合,科创板
688692,达梦数据,综合,科创板
688693,锴威特,综合,科创板
688695,中创股份,综合,科创板
688696,极米科技,综合,科创板
688699,明微电子,综合,科创板
688700,东威科技,综合,科创板
688701,卓锦股份,综合,科创板
688702,盛科通信,综合,科创板
688707,振华新材,综合,科创板
688709,成都华微,综合,科创板
688710,益诺思,综合,科创板
688711,宏微科技,综合,科创板
688712,北芯生命,综合,科创板
688716,中研股份,综合,科创板
688719,爱科赛博,综合,科创板
688720,艾森股份,综合,科创板
688722,同益中,综合,科创板
688726,拉普拉斯,综合,科创板
688727,恒坤新材,综合,科创板
688728,格科微,综合,科创板
688729,屹唐股份,综合,科创板
688733,壹石通,综合,科创板
688737,中自科技,综合,科创板
688739,成大生物,综合,科创板
688750,金天钛业,综合,科创板
688755,汉邦科技,综合,科创板
688757,胜科纳米,综合,科创板
688758,赛分科技,综合,科创板
688759,必贝特,综合,科创板
688765,禾元生物,综合,科创板
688766,普冉股份,综合,科创板
688767,博拓生物,综合,科创板
688768,容知日新,综合,科创板
688772,珠海冠宇,综合,科创板
688775,影石创新,综合,科创板
688776,国光电气,综合,科创板
688777,中控技术,综合,科创板
688779,五矿新能,综合,科创板
688781,视涯科技,综合,科创板
688783,西安奕材,综合,科创板
688785,恒运昌,综合,科创板
688787,海天瑞声,综合,科创板
688788,科思科技,综合,科创板
688789,宏华数科,综合,科创板
688790,昂瑞微,综合,科创板
688793,倍轻松,综合,科创板
688795,摩尔线程,综合,科创板
688796,百奥赛图,综合,科创板
688798,艾为电子,综合,科创板
688800,瑞可达,综合,科创板
688802,沐曦股份,综合,科创板
688805,健信超导,综合,科创板
688807,优迅股份,综合,科创板
688809,强一股份,综合,科创板
688816,易思维,综合,科创板
688818,电科蓝天,综合,科创板
689009,九号公司,综合,科创板
900902,市北B股,综合,科创板
900903,大众B股,综合,科创板
900906,中毅达B,综合,科创板
900910,海立B股,综合,科创板
900913,国新B股,综合,科创板
900915,中路B股,综合,科创板
900916,凤凰B股,综合,科创板
900918,耀皮B股,综合,科创板
900920,动力B股,综合,科创板
900921,金煤B股,综合,科创板
900923,百联B股,综合,科创板
900924,上工B股,综合,科创板
900929,锦旅B股,综合,科创板
900934,锦江B股,综合,科创板
900937,华电B股,综合,科创板
900940,大名城B,综合,科创板
900941,东信B股,综合,科创板
900943,开开B股,综合,科创板
900945,海控B股,综合,科创板
900946,天雁B股,综合,科创板
920001,纬达光电,综合,科创板
920003,中诚咨询,综合,科创板
920005,鼎佳精密,综合,科创板
920006,晟楠科技,综合,科创板
920007,酉立智能,综合,科创板
920008,成电光信,综合,科创板
920009,丹娜生物,综合,科创板
920014,特瑞斯,综合,科创板
920015,锦华新材,综合,科创板
920016,中草香料,综合,科创板
920018,宏远股份,综合,科创板
920020,泰凯英,综合,科创板
920021,流金科技,综合,科创板
920022,世昌股份,综合,科创板
920026,卓兆点胶,综合,科创板
920027,交大铁发,综合,科创板
920029,开发科技,综合,科创板
920030,德众汽车,综合,科创板
920033,康普化学,综合,科创板
920035,精创电气,综合,科创板
920036,觅睿科技,综合,科创板
920037,广信科技,综合,科创板
920045,蘅东光,综合,科创板
920047,诺思兰德,综合,科创板
920050,爱舍伦,综合,科创板
920056,能之光,综合,科创板
920057,百甲科技,综合,科创板
920058,华洋赛车,综合,科创板
920061,西磁科技,综合,科创板
920062,科润智控,综合,科创板
920076,国亮新材,综合,科创板
920077,吉林碳谷,综合,科创板
920078,族兴新材,综合,科创板
920080,奥美森,综合,科创板
920086,科马材料,综合,科创板
920087,秋乐种业,综合,科创板
920090,同辉信息,综合,科创板
920091,大鹏工业,综合,科创板
920092,汉鑫科技,综合,科创板
920100,三协电机,综合,科创板
920101,志高机械,综合,科创板
920106,林泰新材,综合,科创板
920108,宏海科技,综合,科创板
920110,雷特科技,综合,科创板
920111,聚星科技,综合,科创板
920112,巴兰仕,综合,科创板
920118,太湖远大,综合,科创板
920119,美德乐,综合,科创板
920121,江天科技,综合,科创板
920124,南特科技,综合,科创板
920128,胜业电气,综合,科创板
920130,立方控股,综合,科创板
920132,泰鹏智能,综合,科创板
920139,华岭股份,综合,科创板
920145,恒合股份,综合,科创板
920146,华阳变速,综合,科创板
920149,旭杰科技,综合,科创板
920152,昆工科技,综合,科创板
920158,长江能科,综合,科创板
920159,农大科技,综合,科创板
920160,北矿检测,综合,科创板
920166,海圣医疗,综合,科创板
920167,同享科技,综合,科创板
920168,通宝光电,综合,科创板
920169,七丰精工,综合,科创板
920171,志晟信息,综合,科创板
920175,东方碳素,综合,科创板
920180,爱得科技,综合,科创板
920183,海菲曼,综合,科创板
920184,国源科技,综合,科创板
920185,贝特瑞,综合,科创板
920187,通领科技,综合,科创板
920195,三祥科技,综合,科创板
920198,微创光电,综合,科创板
920199,倍益康,综合,科创板
920207,众诚科技,综合,科创板
920223,荣亿精密,综合,科创板
920230,欧康医药,综合,科创板
920237,力佳科技,综合,科创板
920245,威博液压,综合,科创板
920249,利尔达,综合,科创板
920262,太湖雪,综合,科创板
920266,生物谷,综合,科创板
920267,鑫汇科,综合,科创板
920274,宏裕包材,综合,科创板
920275,驱动力,综合,科创板
920284,灵鸽科技,综合,科创板
920300,辰光医疗,综合,科创板
920305,*ST云创,综合,科创板
920344,三元基因,综合,科创板
920363,莱赛激光,综合,科创板
920367,新赣江,综合,科创板
920368,连城数控,综合,科创板
920370,新安洁,综合,科创板
920371,欧福蛋业,综合,科创板
920375,派诺科技,综合,科创板
920378,泰德股份,综合,科创板
920402,硅烷科技,综合,科创板
920403,康农种业,综合,科创板
920414,欧普泰,综合,科创板
920422,润普食品,综合,科创板
920425,乐创技术,综合,科创板
920427,华维设计,综合,科创板
920429,康比特,综合,科创板
920433,大唐药业,综合,科创板
920436,大地电气,综合,科创板
920438,戈碧迦,综合,科创板
920445,龙竹科技,综合,科创板
920469,富恒新材,综合,科创板
920471,美邦科技,综合,科创板
920475,三友科技,综合,科创板
920476,海能技术,综合,科创板
920489,佳先股份,综合,科创板
920493,并行科技,综合,科创板
920496,许昌智能,综合,科创板
920508,殷图网联,综合,科创板
920510,丰光精密,综合,科创板
920522,纳科诺尔,综合,科创板
920526,凯华材料,综合,科创板
920527,夜光明,综合,科创板
920547,无锡晶海,综合,科创板
920553,凯腾精工,综合,科创板
920564,天润科技,综合,科创板
920570,坤博精工,综合,科创板
920575,康乐卫士,综合,科创板
920576,天力复合,综合,科创板
920578,巨能股份,综合,科创板
920579,机科股份,综合,科创板
920580,科创新材,综合,科创板
920592,华信永道,综合,科创板
920593,鼎智科技,综合,科创板
920634,新威凌,综合,科创板
920640,富士达,综合,科创板
920641,格利尔,综合,科创板
920642,通易航天,综合,科创板
920662,方盛股份,综合,科创板
920665,科强股份,综合,科创板
920670,数字人,综合,科创板
920690,捷众科技,综合,科创板
920693,阿为特,综合,科创板
920701,豪声电子,综合,科创板
920717,瑞星股份,综合,科创板
920718,合肥高科,综合,科创板
920719,宁新新材,综合,科创板
920725,惠丰钻石,综合,科创板
920748,路桥信息,综合,科创板
920765,美之高,综合,科创板
920768,拾比佰,综合,科创板
920781,瑞奇智造,综合,科创板
920786,骑士乳业,综合,科创板
920792,东和新材,综合,科创板
920809,安达科技,综合,科创板
920810,春光智能,综合,科创板
920819,颖泰生物,综合,科创板
920832,齐鲁华信,综合,科创板
920856,浩淼科技,综合,科创板
920857,泓禧科技,综合,科创板
920871,派特尔,综合,科创板
920873,中设咨询,综合,科创板
920876,慧为智能,综合,科创板
920885,星辰科技,综合,科创板
920895,花溪科技,综合,科创板
920896,旺成科技,综合,科创板
920906,舜宇精工,综合,科创板
920925,锦好医疗,综合,科创板
920931,无锡鼎邦,综合,科创板
920932,科达自控,综合,科创板
920957,汉维科技,综合,科创板
920961,创远信科,综合,科创板
920964,润农节水,综合,科创板
920970,大禹生物,综合,科创板
920971,天马新材,综合,科创板
920981,晶赛科技,综合,科创板
920982,锦波生物,综合,科创板
920985,海泰新能,综合,科创板
